title,link
Onion price soars to Tk70 per kg,https://www.tbsnews.net/economy/bazaar/onion-price-soared-tk70kg-630534
Impact of duty exemption: Wholesale prices of consumer goods decline,https://www.tbsnews.net/economy/bazaar/impact-duty-exemption-wholesale-prices-consumer-goods-decline-1025066
"Govt to sell low-priced milk, egg, meat in capital during Ramadan",https://www.tbsnews.net/economy/bazaar/ministry-sell-meat-eggs-lower-prices-dhaka-during-ramadan-603102
"Green chilli hottest ever at Tk800-1,000 a kg",https://www.tbsnews.net/economy/bazaar/green-chilli-price-soars-tk1000-kg-brahmanbaria-658438
"Potato, onion prices increase by Tk10 after Eid",https://www.tbsnews.net/economy/bazaar/potato-onion-prices-increase-tk10-after-eid-831951
"Govt to sell beef for Tk600 per kg, eggs for Tk10 each from 10 March",https://www.tbsnews.net/economy/bazaar/govt-sell-meats-eggs-reasonable-prices-10-march-803078
"Onion now Tk140 per kg, more than double govt-set price",https://www.tbsnews.net/economy/bazaar/onion-now-tk140kg-after-tk30-hike-week-732306
"Prices of spices, dry foods soar as assessment value hiked in 5 products",https://www.tbsnews.net/bangladesh/prices-spices-dry-foods-soar-assessment-value-hiked-5-products-672810
Potato prices may rise above Tk50/kg this year: Cold Storage Association,https://www.tbsnews.net/economy/bazaar/potato-prices-may-rise-above-tk50kg-year-cold-storage-association-817571
"TCB can import or procure essential products through DPR up to June, 2025",https://www.tbsnews.net/economy/bazaar/tcb-can-import-or-procure-essential-products-through-dpr-june-2025-851936
Govt cuts palm oil and sugar prices ,https://www.tbsnews.net/economy/bazaar/govt-cuts-palm-oil-and-sugar-prices-501326
Consumers struggle with inflation in Dhaka kitchen markets,https://www.tbsnews.net/economy/bazaar/consumers-struggle-inflation-dhaka-kitchen-markets-853541
"Onion becomes 33% costlier, prices of other commodities stay high",https://www.tbsnews.net/bangladesh/onion-price-rises-33-other-commodities-stay-high-897986
"Stable sugar supply till January; power, gas crisis hampering production: Tipu Munshi",https://www.tbsnews.net/economy/bazaar/stable-sugar-supply-till-january-power-gas-crisis-hampering-production-tipu-munshi
"Commerce fixes wholesale prices for common, Zahidi dates",https://www.tbsnews.net/economy/bazaar/commerce-ministry-fixes-wholesale-price-common-zahidi-variety-dates-807930
Soybean oil supply to normalise within two days: Commerce adviser,https://www.tbsnews.net/economy/bazaar/soybean-oil-supply-normalise-within-two-days-commerce-adviser-1083311
Price rise continues to hurt low-income group,https://www.tbsnews.net/economy/bazaar/price-rise-continues-hurt-low-income-group-606126
India's export embargo sends onion prices soaring to Tk220 per kg,https://www.tbsnews.net/economy/bazaar/onion-price-nearly-doubles-overnight-tk220-kg-754246
"Govt cuts duties on edible oil, eggs to ease price pressure",https://www.tbsnews.net/markets/govt-cuts-duties-edible-oil-eggs-ease-price-pressure-967981
"Once thriving, now struggling: Hazaribagh's bone trade loses shine",https://www.tbsnews.net/economy/bazaar/once-thriving-now-struggling-hazaribaghs-bone-trade-loses-shine-899646
Commerce ministry will not hold meetings with sugar companies before Eid regarding new prices: Tipu,https://www.tbsnews.net/economy/bazaar/commerce-ministry-will-not-hold-meetings-sugar-companies-eid-regarding-new-prices
"High prices of sacrificial cattle distress buyers, sellers in Ctg",https://www.tbsnews.net/economy/bazaar/high-prices-sacrificial-cattle-distress-buyers-sellers-ctg-651118
Egg prices drop by Tk25-30 per dozen in Dhaka,https://www.tbsnews.net/economy/bazaar/egg-prices-drop-tk150-dozen-dhaka-969701
Mirpur trader fined Tk1 lakh for not selling eggs at govt set rate,https://www.tbsnews.net/economy/bazaar/mirpur-trader-fined-tk1-lakh-not-selling-eggs-govt-set-rate-968446
Khalil to sell beef at Tk595 till 31 March,https://www.tbsnews.net/economy/bazaar/khalil-sell-beef-tk595-till-30-march-814646
Fish prices up as demand soars on limited supply,https://www.tbsnews.net/economy/bazaar/fish-prices-demand-soars-limited-supply-684626
"Egg, chicken, vegetable prices up again",https://www.tbsnews.net/markets/egg-chicken-vegetable-prices-again-497674
Govt now gives permission to import 6 crore eggs,https://www.tbsnews.net/bangladesh/govt-allows-6-more-companies-import-6-crore-eggs-704514
"Blockade disrupts supply chain, sales drop at Khatunganj",https://www.tbsnews.net/bangladesh/blockade-disrupts-supply-chain-sales-drop-khatunganj-730742
How beef at Tk600 will be possible,https://www.tbsnews.net/economy/bazaar/how-beef-tk600-will-be-possible-806034
Green chillies Tk400 per kg in Satkhira markets due to inadequate supply,https://www.tbsnews.net/economy/bazaar/green-chillies-tk400-kg-satkhira-markets-due-inadequate-supply-660426
"Onion at Tk65, eggplant at Tk50, broiler at Tk175: Govt fixes prices of 29 agri products",https://www.tbsnews.net/economy/bazaar/onion-tk65-eggplant-tk50-broiler-tk175-govt-fixes-prices-29-agri-products-809498
Onion market takes heat from India's hefty export duty,https://www.tbsnews.net/economy/bazaar/onion-market-takes-heat-indias-hefty-export-duty-685790
Reduced VAT on edible oil extended to 31 Dec,https://www.tbsnews.net/economy/bazaar/vat-waiver-edible-oil-extended-another-3-months-509486
"1,650 tonnes onions arrive from India by train",https://www.tbsnews.net/economy/bazaar/1650-tonnes-onions-arrive-india-train-819891
"Ctg Teribazar eyes Tk1,500cr sales on eid",https://www.tbsnews.net/economy/bazaar/ctg-teribazar-eyes-tk1500cr-sales-eid-608970
"Govt, refiners at odds over unrefined sugar stock",https://www.tbsnews.net/economy/bazaar/govt-refiners-odds-over-unrefined-sugar-stock-519138
Bottled soybean oil supply still scarce in Dhaka,https://www.tbsnews.net/economy/bazaar/bottled-soybean-oil-supply-still-scarce-dhaka-1020346
Beef price mystery: Why it is not same everywhere?,https://www.tbsnews.net/markets/beef-price-mystery-why-it-not-affordable-everywhere-810602
Chief Adviser's Office shares market situation ahead of Eid,https://www.tbsnews.net/economy/bazaar/chief-advisers-office-shares-market-situation-ahead-eid-1104481
"Import tax cut on rice, oil, sugar, but how will it impact Ramadan market?",https://www.tbsnews.net/economy/bazaar/import-tax-cut-rice-oil-sugar-how-will-it-impact-ramadan-market-789754
Higher import tariffs drive up fruit prices,https://www.tbsnews.net/economy/bazaar/higher-import-tariffs-drive-fruit-prices-745762
"Ramadan supplies ample, yet no hope for price fall",https://www.tbsnews.net/economy/bazaar/ramadan-supplies-ample-yet-no-hope-price-fall-786914
"Cardamom conundrum: Annual demand 8,000 tonnes, daily trade over 1,000 tonnes",https://www.tbsnews.net/economy/bazaar/cardamom-conundrum-annual-demand-8000-tonnes-daily-trade-over-1000-tonnes-843216
Govt says no reason for price hikes; businesses manipulate market citing global crises: CAB,https://www.tbsnews.net/economy/bazaar/govt-says-no-reason-price-hikes-businesses-manipulate-market-citing-global-crises-cab
Keep vigil against dishonest business people during Ramadan: PM asks RAB,https://www.tbsnews.net/bangladesh/keep-vigil-against-dishonest-business-people-during-ramadan-pm-asks-rab-804186
"10 egg firms, trade bodies set to be sued for profiteering ",https://www.tbsnews.net/bangladesh/10-egg-firms-trade-bodies-set-be-sued-profiteering-694906
Rising commodity prices worsen hardships for Dhaka's low-income families,https://www.tbsnews.net/economy/bazaar/rising-commodity-prices-worsen-hardships-dhakas-low-income-families-1015531
Govt agencies working to bring down commodity prices to reasonable level: Titu,https://www.tbsnews.net/economy/bazaar/govt-agencies-working-bring-down-commodity-prices-reasonable-level-titu-810366
Poor sales dim recovery hope for fire-ravaged  Mohammadpur market,https://www.tbsnews.net/economy/bazaar/poor-sales-dim-recovery-hope-fire-ravaged-mohammadpur-market-824456
No shortage of sugar in the country: BB,https://www.tbsnews.net/economy/bazaar/100000-tonnes-sugar-be-imported-soon-bb-518714
Going to the kitchen market? Forget about govt price chart,https://www.tbsnews.net/economy/bazaar/going-kitchen-market-forget-about-govt-price-chart-810262
Broiler price soars by Tk25-30,https://www.tbsnews.net/economy/bazaar/broiler-chicken-price-goes-tk30kg-676902
Commodity prices surge as supply dips amid heatwave,https://www.tbsnews.net/markets/commodity-prices-surge-supply-dips-amid-heatwave-842361
Tk3-4 crore worth of onions sold daily at Shariatpur's Mirashar farmers' market,https://www.tbsnews.net/economy/bazaar/tk3-4-crore-worth-onion-sold-daily-shariatpurs-mirashar-farmers-market-781762
Dhaka South's 5th farmers' market inaugurated in Khilgaon,https://www.tbsnews.net/economy/bazaar/dhaka-souths-5th-farmers-market-inaugurated-khilgaon-525754
"Reduced product prices in global market, freight rate do not affect local market",https://www.tbsnews.net/bangladesh/reduced-product-prices-global-market-freight-rate-do-not-affect-local-market-512970
Govt trying to tackle dishonest traders who destabilise markets,https://www.tbsnews.net/economy/bazaar/govt-trying-tackle-dishonest-traders-who-destabilise-markets-631618
Dohazari vegetable hub picks up steam as winter arrives,https://www.tbsnews.net/economy/bazaar/dohazari-vegetable-hub-picks-steam-winter-arrives-548834
Demand for eggs outpaces supply amid production data mismatch,https://www.tbsnews.net/economy/bazaar/demand-eggs-outpaces-supply-amid-production-data-mismatch-963946
Prices surge ahead of Ramadan despite moves to rein in,https://www.tbsnews.net/economy/bazaar/prices-surge-ahead-ramadan-despite-moves-rein-797954
"Sharp drop in frozen meat, fish imports triggers price hikes in local market",https://www.tbsnews.net/economy/bazaar/sharp-drop-frozen-meat-fish-imports-triggers-price-hikes-local-market-681470
Onion prices keep soaring despite imports,https://www.tbsnews.net/economy/bazaar/onion-prices-keep-soaring-despite-imports-679878
"Food directorate forms 4 vigilance teams to monitor OMS programme, commodity market",https://www.tbsnews.net/economy/bazaar/food-directorate-forms-4-vigilance-teams-monitor-oms-programme-commodity-market
Broiler chicken prices jump by Tk50 per kg ahead of Eid,https://www.tbsnews.net/economy/bazaar/chicken-beef-prices-jump-ahead-eid-620314
"No packaged sugar in market, non-packaged also scanty",https://www.tbsnews.net/economy/bazaar/no-packaged-sugar-market-non-packaged-also-scanty-651214
Fame of Hasu’s chyapa shutki travels far and wide,https://www.tbsnews.net/economy/bazaar/fame-hasus-chyapa-shutki-travels-far-and-wide-493350
Eid shopping picks up as salaries hit accounts,https://www.tbsnews.net/economy/bazaar/eid-shopping-picks-salaries-hit-accounts-613058
"FBCCI president vows to fight extortion, urges fair prices during Ramadan",https://www.tbsnews.net/economy/bazaar/fbcci-president-vows-fight-extortion-urges-fair-prices-during-ramadan-800658
Vegetable prices decline slightly,https://www.tbsnews.net/economy/bazaar/vegetable-prices-decline-slightly-669202
Commerce Minister Tipu Munshi under fire in parliament for runaway prices of essentials,https://www.tbsnews.net/bangladesh/commerce-minister-tipu-munshi-under-fire-parliament-runaway-prices-essentials-656526
Dhaka North’s market monitoring drive. But does it really matter?,https://www.tbsnews.net/economy/bazaar/dhaka-norths-market-monitoring-drive-does-it-really-matter-811154
Buyers happy with declining winter vegetable prices,https://www.tbsnews.net/economy/bazaar/buyers-happy-declining-winter-vegetable-prices-1051426
Rice hoarders should be fined equal to their stocks: Food minister,https://www.tbsnews.net/economy/bazaar/fine-rice-hoarders-so-they-cant-continue-be-business-food-minister-781298
Broiler price drops to Tk200 per kg in Dhaka,https://www.tbsnews.net/economy/bazaar/broiler-price-drops-tk200-kg-dhaka-608514
Bangabazar traders want to do business in tents until market constructed,https://www.tbsnews.net/economy/bazaar/bangabazar-traders-want-do-business-tents-until-market-constructed-628154
Commerce secy condemn 'irresponsible business' conduct of Bangladeshi onion sellers,https://www.tbsnews.net/economy/bazaar/onion-sellers-not-engaged-responsible-business-commerce-secretary-754918
 Kitchen market management shake-up coming in March: State Minister Titu,https://www.tbsnews.net/economy/bazaar/govt-website-detailed-commodity-prices-coming-march-titu-792926
"Rains, disregarded directives, untamed syndicates drive up kitchen essential prices",https://www.tbsnews.net/economy/bazaar/rains-disregarded-directives-and-untamed-syndicates-new-recipe-high-prices-kitchen
"India greenlights limited onion exports to Bangladesh, 3 other countries",https://www.tbsnews.net/economy/bazaar/india-greenlights-limited-onion-exports-bangladesh-3-other-countries-797514
It’s agri ministry’s job to fix prices of essential commodities: Commerce minister ,https://www.tbsnews.net/economy/bazaar/its-agri-ministrys-job-fix-prices-essential-commodities-commerce-minister-498030
Onion prices increase by Tk15 per kg in at Bhomra after India imposes hefty duty,https://www.tbsnews.net/economy/bazaar/onion-prices-increase-tk15-kg-bhomra-after-india-imposes-hefty-duty-685934
"Dhaka shoppers feel the pinch as vegetable, egg prices keep rising",https://www.tbsnews.net/economy/bazaar/dhaka-shoppers-feel-pinch-vegetable-egg-prices-keep-rising-853746
"Nearly 6 lakh people get milk, egg and meat at fair prices in Ramadan: Livestock ministry",https://www.tbsnews.net/economy/bazaar/nearly-6-lakh-people-get-milk-egg-and-meat-fair-prices-ramadan-livestock-ministry
"Not just potato, entrepreneurs now investing in cold storage for onion, carrot",https://www.tbsnews.net/economy/bazaar/not-just-potato-entrepreneurs-now-investing-cold-storage-onion-carrot-823816
Bashundhara begins truck sale of commodities in 64 districts,https://www.tbsnews.net/economy/bazaar/bashundhara-begins-truck-sale-commodities-64-districts-852991
"Cardamom prices drop as demand falls, credit sales halt",https://www.tbsnews.net/economy/bazaar/cardamom-prices-drop-demand-falls-credit-sales-halt-918361
State Minister Titu hopeful about commodity market conditions ahead of Ramadan,https://www.tbsnews.net/economy/bazaar/state-minister-titu-hopeful-about-commodity-market-conditions-ahead-ramadan-791306
Onion price drops slightly; import of 40m eggs allowed,https://www.tbsnews.net/economy/bazaar/onion-price-drops-slightly-import-40m-eggs-allowed-702810
"Onion, oil get costlier as potato prices fall in a week",https://www.tbsnews.net/economy/bazaar/onion-oil-get-costlier-potato-prices-fall-week-1045126
Eid cooking to get costlier as spice prices go through the roof,https://www.tbsnews.net/economy/bazaar/eid-cooking-get-costlier-spice-prices-go-through-roof-655206
Green chilli prices fall by Tk250-300 per kg in Satkhira as import from India begins,https://www.tbsnews.net/economy/bazaar/green-chilli-prices-fall-tk250-300-kg-satkhira-import-india-begins-659094
"Potato, onion, egg prices continue to soar defying govt price caps",https://www.tbsnews.net/economy/bazaar/potato-onion-egg-prices-continue-soar-defying-govt-price-caps-727682
Food price paradox: How far will the effects reach?,https://www.tbsnews.net/features/panorama/food-price-paradox-how-far-will-effects-reach-773678
Broiler chicken price hikes by Tk40/kg within days,https://www.tbsnews.net/economy/bazaar/broiler-chicken-price-hikes-tk40kg-within-days-826336
Further price hike of Ramadan commodities likely despite ample imports,https://www.tbsnews.net/economy/bazaar/further-price-hike-ramadan-commodities-likely-despite-ample-imports-805894
Govt expands subsidised sale of Ramadan essentials,https://www.tbsnews.net/economy/bazaar/govt-expands-subsidised-sale-ramadan-essentials-1098911
"Supermarket sales plummet amid curfew, internet blackout",https://www.tbsnews.net/bangladesh/supermarket-sales-plummet-amid-curfew-internet-blackout-902661
TCB to sell potatoes at Tk40 per kg from tomorrow!,https://www.tbsnews.net/economy/bazaar/tcb-sell-potatoes-tk40-kg-tomorrow-997296
"Farmers for fixing 'fair prices' of broiler, eggs",https://www.tbsnews.net/economy/bazaar/farmers-seek-govt-intervention-fix-chicken-eggs-prices-594714
"Traders frustrated with Ramadan sales, consumers at a loss",https://www.tbsnews.net/economy/bazaar/traders-frustrated-ramadan-sales-consumers-loss-601346
Rice prices soar in Kushtia amid halt in milling,https://www.tbsnews.net/economy/bazaar/rice-prices-soar-kushtia-amid-halt-milling-1095326
80 teams to monitor markets during Ramadan,https://www.tbsnews.net/economy/bazaar/80-teams-monitor-markets-during-ramadan-1065696
"Prices of chicken, fish rise in Dhaka's kitchen markets",https://www.tbsnews.net/economy/bazaar/prices-chicken-fish-rise-dhakas-kitchen-markets-1083376
"Prices of meat, chicken and egg rise on Friday",https://www.tbsnews.net/economy/bazaar/prices-meat-chicken-and-egg-rise-friday-813396
"Meat prices surge amid high demand, Eid essentials stable",https://www.tbsnews.net/economy/bazaar/meat-prices-surge-amid-high-demand-eid-essentials-stable-1105436
More sacrificial animals in the country than demand: Minister,https://www.tbsnews.net/economy/bazaar/more-sacrificial-animals-country-demand-minister-649534
"62,000 imported eggs come in through Benapole",https://www.tbsnews.net/economy/bazaar/finally-imported-eggs-arrive-costing-just-over-tk7-piece-734430
"Eggs, chicken to be sold at fair prices during Ramadan: Poultry traders ",https://www.tbsnews.net/economy/bazaar/eggs-chicken-be-sold-fair-prices-during-ramadan-poultry-traders-1068361
"Indian onions start reaching Satkhira, leading to prices easing down",https://www.tbsnews.net/economy/bazaar/indian-onions-start-reaching-satkhira-leading-prices-easing-down-644790
"13,968 tonnes of rice imported from India through Benapole in 3 months",https://www.tbsnews.net/economy/bazaar/13968-tonnes-rice-imported-india-through-benapole-3-months-1069266
TCB to procure 2.20cr litres of soybean oil for OMS,https://www.tbsnews.net/economy/bazaar/tcb-procure-220cr-litres-soybean-oil-oms-542326
Onion price goes up in Bangladesh after India extends export restrictions,https://www.tbsnews.net/economy/bazaar/india-bans-onion-export-until-31-march-next-year-753774
Why potato price surging despite surplus production,https://www.tbsnews.net/economy/bazaar/why-potato-price-surging-despite-surplus-production-698274
"Chattogram Meat Bazar aims to break syndicates, offer fair prices",https://www.tbsnews.net/economy/bazaar/chattogram-meat-bazar-aims-break-syndicates-offer-fair-prices-798082
"Potato, onion prices ease; chicken takes an upswing",https://www.tbsnews.net/economy/bazaar/potato-onion-prices-decline-while-chicken-see-rise-1028311
"Prices of cucumbers, chillies jump 60% overnight",https://www.tbsnews.net/economy/bazaar/prices-cucumbers-chillies-jump-50-overnight-877551
Companies involved in illegal syndicates will be brought to book under Special Powers Act: Asif Mahmud,https://www.tbsnews.net/economy/bazaar/companies-involved-syndication-will-be-arrested-under-special-powers-act-asif-mahmud
"Soaring egg prices: Poultry farmers call for importing chicks, feed to break syndicate",https://www.tbsnews.net/economy/bazaar/soaring-egg-prices-poultry-farmers-call-importing-chicks-feed-break-syndicate-707410
13 times more onion yield likely in Rajshahi,https://www.tbsnews.net/agriculture/13-times-more-onion-yield-likely-rajshahi-756842
Ctg Chora Market: Where you can find your stolen goods,https://www.tbsnews.net/economy/bazaar/ctg-chora-market-where-you-can-find-your-stolen-goods-631490
'Send them to jail': PM warns against hoarding,https://www.tbsnews.net/economy/bazaar/send-them-jail-pm-warns-against-hoarding-779570
"Low price, yield hit Faridpur Lalmi melon farmers",https://www.tbsnews.net/economy/bazaar/low-price-yield-hit-faridpur-lalmi-melon-farmers-818841
"Red hot prices leave middle class, poor in crisis",https://www.tbsnews.net/economy/bazaar/red-hot-prices-leave-middle-class-poor-crisis-705458
Bongo Bazar misses Eid vibe a year after the blaze,https://www.tbsnews.net/economy/bazaar/bongo-bazar-misses-eid-vibe-year-after-blaze-816521
No artificial crisis be allowed in food supply chain: Commerce adviser,https://www.tbsnews.net/economy/bazaar/no-artificial-crisis-be-allowed-food-supply-chain-commerce-adviser-998961
Ramadan goods prices soar over 5% in a week,https://www.tbsnews.net/economy/bazaar/ramadan-goods-prices-soar-over-5-week-604058
"Potato, onion, egg prices capped to check soaring food inflation",https://www.tbsnews.net/economy/bazaar/govt-fixes-price-potato-tk35-tk36-kg-700470
"2.4kg hilsa caught in Barguna, priced at Tk14,000",https://www.tbsnews.net/bangladesh/24kg-hilsa-caught-barguna-priced-tk14000-1088751
Consumers grapple with commodity prices as Ramadan begins,https://www.tbsnews.net/economy/bazaar/consumers-grapple-commodity-prices-ramadan-begins-807638
Rising costs and labour shortages threaten the centuries-old tradition of Mirkadim's white cows,https://www.tbsnews.net/economy/bazaar/rising-costs-and-labour-shortages-threaten-centuries-old-tradition-mirkadims-white
300 tonnes of potatoes imported from India through Benapole,https://www.tbsnews.net/bangladesh/300-tonnes-potatoes-imported-india-through-benapole-816896
Egg sales halted in Tejgaon market amid concerns over govt monitoring,https://www.tbsnews.net/economy/bazaar/vendors-stop-selling-eggs-2-days-fear-raids-prices-rise-966786
TCB extends subsidised sales of Ramadan essentials,https://www.tbsnews.net/economy/bazaar/tcb-starts-selling-ramadan-essentials-subsidised-prices-596646
Cold storage owners hike rates overnight: Agriculture minister says on potato prices,https://www.tbsnews.net/economy/bazaar/efforts-are-there-curb-potato-prices-agriculture-minister-708350
Barter system ends at Brahmanbaria's centuries-old dried fish fair,https://www.tbsnews.net/economy/bazaar/barter-system-ends-brahmanbarias-centuries-old-dried-fish-fair-627650
"Are we looking at a scorching summer of inflation, power woes this Ramadan?",https://www.tbsnews.net/analysis/are-we-looking-scorching-summer-inflation-power-woes-ramadan-1045526
Tariff Commission recommends withdrawal of duty on imported onions,https://www.tbsnews.net/economy/bazaar/tariff-commission-recommends-withdrawal-duty-imported-onions-981206
Green chilli price starts falling again,https://www.tbsnews.net/economy/bazaar/green-chilli-price-starts-falling-again-661718
"Potato prices up, onions down; meat, veg stable",https://www.tbsnews.net/economy/bazaar/potato-prices-onions-down-meat-veg-stable-1000031
"No import of eggs, meat under any circumstances: Adviser Farida",https://www.tbsnews.net/economy/bazaar/no-import-eggs-meat-under-any-circumstances-adviser-farida-1065761
"Why no action against companies controlling egg, oil markets? asks Rizvi",https://www.tbsnews.net/economy/bazaar/why-no-action-against-companies-controlling-egg-oil-markets-asks-rizvi-999961
Egg price jumps as each sells for Tk15,https://www.tbsnews.net/economy/bazaar/egg-prices-jump-high-each-sells-tk15-680686
"Sensing increased demand, traders have hiked prices of Eid essentials in Dhaka",https://www.tbsnews.net/economy/bazaar/sensing-increased-demand-traders-have-hiked-prices-eid-essentials-dhaka-657342
"Govt to sell onion at Tk50, potato at Tk30 per kg from tomorrow",https://www.tbsnews.net/economy/bazaar/tcb-start-selling-onion-tk50-kg-3-other-essential-products-tomorrow-738550
"Govt reduces import duties on egg by 20%, edible oil 5%",https://www.tbsnews.net/economy/bazaar/govt-reduces-import-duties-egg-20-edible-oil-5-967701
Rice price sharply declining in city market,https://www.tbsnews.net/economy/bazaar/rice-price-sharply-declining-city-market-850136
"Eggs, imported at lower duty, begin to enter country",https://www.tbsnews.net/economy/bazaar/eggs-imported-lower-duty-begin-enter-country-973436
Crowds flock to Karwan Bazar ahead of first Ramadan; sellers say purchases still lower than other years,https://www.tbsnews.net/economy/bazaar/crowds-flock-karwan-bazar-ahead-first-ramadan-sellers-say-purchases-still-lower-other
"Price caps, raid threats do little to cool potato, onion, egg prices",https://www.tbsnews.net/economy/bazaar/price-caps-raid-threats-do-little-cool-potato-onion-egg-prices-701530
"Millers to display selling price, variety on rice bags from tomorrow",https://www.tbsnews.net/economy/bazaar/millers-display-selling-price-variety-rice-bags-tomorrow-827631
Sugar price hiked by Tk6/kg; palm oil price cut by Tk8/litre,https://www.tbsnews.net/economy/bazaar/sugar-price-rises-tk6-kg-and-palm-oil-decreases-tk4-litre-509346
Pointed gourd selling at Tk5 per kg in Jashore,https://www.tbsnews.net/economy/bazaar/pointed-gourd-selling-tk5-kg-jashore-881186
"Imports cool coarse rice market, fine varieties' prices steady",https://www.tbsnews.net/economy/bazaar/imports-cool-coarse-rice-market-fine-varieties-prices-steady-1060371
Palm oil price still high despite significant global drop,https://www.tbsnews.net/economy/bazaar/palm-oil-price-still-high-despite-significant-global-drop-494770
"Vegetables, spices get dearer ahead of Eid-ul-Adha",https://www.tbsnews.net/economy/bazaar/vegetables-spices-get-dearer-ahead-eid-ul-adha-871566
"At Tk150 per dozen in Dhaka markets, eggs not an affordable protein source any more",https://www.tbsnews.net/economy/bazaar/tk150-dozen-dhaka-markets-eggs-not-affordable-protein-source-any-more-606282
Govt intervenes to keep prices in check ahead of polls,https://www.tbsnews.net/economy/bazaar/govt-intervenes-keep-prices-check-ahead-polls-738982
Big poultry cos made Tk520cr profit in 15 days: Farmers  ,https://www.tbsnews.net/economy/bazaar/big-poultry-cos-made-tk520cr-profit-15-days-farmers-480922
Potato prices skyrocket as production slumps,https://www.tbsnews.net/economy/bazaar/potato-prices-skyrocket-production-slumps-895811
Bottled soybean oil price hiked to Tk199 per litre,https://www.tbsnews.net/economy/bazaar/bottled-soybean-oil-price-hiked-tk199-litre-626094
Rising chicken prices force lower-income people to cut down on protein,https://www.tbsnews.net/economy/bazaar/rising-chicken-prices-force-lower-income-people-cut-down-protein-586366
"806 tonnes of green chilli imported in 3 days, yet prices hit Tk400/kg in Jashore",https://www.tbsnews.net/economy/bazaar/806-tonnes-green-chilli-imported-3-days-price-still-hits-tk400-kg-jashore-968366
Govt allows 4 companies to import eggs in a bid to bring prices down,https://www.tbsnews.net/economy/bazaar/govt-allows-4-companies-import-eggs-bid-bring-prices-down-702422
Sugar selling at higher than govt-fixed rate,https://www.tbsnews.net/economy/bazaar/sugar-selling-higher-govt-fixed-rate-517770
"Tariff cut fails to curb Ramadan commodity prices, triggers surge instead",https://www.tbsnews.net/economy/bazaar/tariff-cut-fails-curb-ramadan-commodity-prices-triggers-surge-instead-794058
Beef now selling at Tk620 per kg in Shariatpur,https://www.tbsnews.net/economy/bazaar/beef-now-selling-tk620-kg-shariatpur-939696
Bangladesh seeks to import more onion and sugar from India before Ramadan,https://www.tbsnews.net/economy/bazaar/bangladesh-seeks-import-more-onion-and-sugar-india-ramadan-790050
Benchmark rice prices to be set to crack down on manipulators,https://www.tbsnews.net/economy/bazaar/benchmark-rice-prices-be-set-crack-down-manipulators-779058
Bangladesh to import one lakh tonnes of rice from India and Pakistan,https://www.tbsnews.net/economy/bazaar/bangladesh-import-one-lakh-tonnes-rice-india-and-pakistan-1044781
Country's onion output rose by 10 lakh tonnes: Abdus Shahid tells JS,https://www.tbsnews.net/economy/bazaar/countrys-onion-output-rose-10-lakh-tonnes-abdus-shahid-tells-js-793070
Tk600 per kg beef brings Ramadan respite as govt begins subsidised sales,https://www.tbsnews.net/economy/bazaar/tk600-beef-kg-brings-ramadan-respite-govt-begins-subsidised-sales-807870
"Rice, chicken, eggs prices soar ",https://www.tbsnews.net/bangladesh/rice-chicken-eggs-prices-soar-935266
"Sale of loose soybean oil banned, campaign from 1 August: Official",https://www.tbsnews.net/economy/bazaar/sale-loose-soybean-oil-banned-campaign-1-august-official-672194
"Govt, private companies offer discounts on food essentials amid Ramadan",https://www.tbsnews.net/economy/bazaar/govt-private-companies-offer-discounts-food-essentials-amid-ramadan-808450
"TCB to launch Ramadan truck sales of rice, oil, pulses in divisional cities",https://www.tbsnews.net/economy/bazaar/tcb-sale-commodities-all-consumers-through-truck-8-divisional-cities-1066701
"Onion, potato prices to come down by mid-December: Commerce minister",https://www.tbsnews.net/economy/bazaar/onion-potato-prices-come-down-mid-december-commerce-minister-735710
"Domestic onion prices surge amid fewer imports, pre-Eid demand",https://www.tbsnews.net/economy/bazaar/domestic-onion-prices-surge-amid-fewer-imports-pre-eid-demand-865256
"Livestock ministry seeks funds to sell meat, eggs, milk at affordable prices in Ramadan at 25 points in Dhaka",https://www.tbsnews.net/economy/bazaar/livestock-ministry-seeks-funds-sell-meat-eggs-milk-affordable-prices-ramadan-25
Onion prices fall by Tk35-45 per kg in wholesale market,https://www.tbsnews.net/economy/bazaar/onion-prices-fall-tk35-45-kg-wholesale-market-646854
Govt to import 10.50 lakh tonnes of rice,https://www.tbsnews.net/economy/bazaar/govt-import-1050-lakh-tonnes-rice-993206
Drives to begin soon to control Hilsa price,https://www.tbsnews.net/economy/bazaar/consumer-rights-protection-body-launch-drives-control-spiralling-hilsa-prices-692430
22-day ban on hilsa fishing starts Friday,https://www.tbsnews.net/economy/bazaar/22-day-ban-hilsa-fishing-starts-friday-509566
Extortion in transports increases food prices ,https://www.tbsnews.net/economy/bazaar/extortion-transports-increases-food-prices-532566
Import curbs drive up spice prices,https://www.tbsnews.net/economy/bazaar/import-curbs-drive-spice-prices-557434
"Ramadan price spike eases: Onions, eggs lead drop in kitchen markets",https://www.tbsnews.net/economy/bazaar/ramadan-price-spike-eases-onions-eggs-lead-drop-kitchen-markets-811714
Govt to set prices of 9 essentials,https://www.tbsnews.net/economy/bazaar/govt-set-prices-9-essentials-486582
Tk280 watermelon being sold at Tk770 in Karwan Bazar! ,https://www.tbsnews.net/economy/bazaar/tk280-watermelon-being-sold-tk770-karwan-bazar-812786
"Eggs finally below Tk12 apiece; sugar, rice prices still rising",https://www.tbsnews.net/economy/bazaar/sugar-prices-increase-tk10-kg-week-736754
Sugar price to go down by Tk5 soon: Commerce minister,https://www.tbsnews.net/economy/bazaar/sugar-price-go-down-tk5-soon-commerce-minister-601886
Autocracy in food market due to lack of regulation: Moazzem,https://www.tbsnews.net/economy/autocracy-food-market-due-lack-regulation-moazzem-1058506
"Reduce import duties on edible oil, sugar, dates, rice: PM to Cabinet",https://www.tbsnews.net/economy/bazaar/reduce-import-duties-edible-oil-sugar-dates-rice-pm-cabinet-783466
None will be spared for illegally storing paddy beyond capacity: Food minister to corporate groups,https://www.tbsnews.net/economy/bazaar/none-will-be-spared-illegally-storing-paddy-beyond-capacity-food-minister-corporate
No scope to reduce sugar price: Commerce minister,https://www.tbsnews.net/economy/bazaar/no-possibility-sugar-price-falling-commerce-minister-748646
"Pulses price skyrockets, traders point to dollar crisis impact",https://www.tbsnews.net/economy/bazaar/pulses-price-skyrockets-traders-point-dollar-crisis-impact-778006
"Increase monitoring against price hikes, extortion: PM to secretaries",https://www.tbsnews.net/economy/bazaar/pm-instructs-maintaining-law-and-order-control-commodity-prices-cabinet-secretary
Businesses promise not to increase prices of Ramadan goods ,https://www.tbsnews.net/economy/bazaar/will-recommend-imports-if-beef-chicken-prices-remain-volatile-fbcci-604370
56% fish farms miss out on income for lack of aqua-agri combination: Study,https://www.tbsnews.net/economy/bazaar/56-fish-farms-miss-out-income-lack-aqua-agri-combination-study-698270
Bangladesh-Myanmar cross-border trade halts as conflict escalates in Rakhine,https://www.tbsnews.net/economy/bangladesh-myanmar-cross-border-trade-halts-conflict-escalates-rakhine-789194
Tk10 soybean oil price cut not seen on store shelf,https://www.tbsnews.net/economy/bazaar/tk10-soybean-oil-price-cut-not-seen-store-shelf-665486
Edible oil price heats up despite significant global drop,https://www.tbsnews.net/economy/bazaar/edible-oil-price-heats-despite-significant-global-drop-601338
"Rice, flour, mung dal prices spike, vegetables see a drop",https://www.tbsnews.net/economy/bazaar/rice-flour-mung-dal-prices-spike-vegetables-see-drop-741330
"Beef price down; sugar, lentils up",https://www.tbsnews.net/economy/bazaar/beef-price-down-sugar-lentils-745650
"Vegetable prices soar, rarely found below Tk100",https://www.tbsnews.net/economy/bazaar/vegetable-prices-soar-rarely-found-below-tk100-716774
"Drop in duty, int’l rate fails to sweeten sugar prices",https://www.tbsnews.net/economy/bazaar/drop-duty-intl-rate-fails-sweeten-sugar-prices-766070
"Indian green chilli import starts, prices expected to drop soon",https://www.tbsnews.net/economy/bazaar/six-trucks-indian-chillies-arrive-bhomra-port-amid-surging-prices-658786
Mainimukh Bazar: Thriving hub of Rangamati’s agro economy,https://www.tbsnews.net/economy/bazaar/mainimukh-bazar-thriving-hub-rangamatis-agro-economy-790234
Green chilli prices shoot up to Tk280/kg within a week in Ctg,https://www.tbsnews.net/economy/bazaar/green-chilli-prices-shoot-tk280kg-within-week-ctg-710882
Refined sugar prices rise by Tk5 per kg,https://www.tbsnews.net/economy/bazaar/sugar-prices-rises-further-574362
Onion prices stay high as importers do not seek alternative markets,https://www.tbsnews.net/economy/bazaar/onion-prices-stay-high-importers-do-not-seek-alternative-markets-763346
"Imported eggs may arrive in a week, to ease price hikes",https://www.tbsnews.net/bangladesh/eggs-india-expected-enter-country-next-week-say-importers-704070
"Food ministry allows private import of 83,000 tonnes of rice",https://www.tbsnews.net/economy/bazaar/food-ministry-allows-private-import-83000-tonnes-rice-812626
"Flour, wheat flour still dearer despite global wheat price plunge",https://www.tbsnews.net/economy/bazaar/flour-wheat-flour-still-dearer-despite-global-wheat-price-plunge-705418
Commerce ministry to set retail and wholesale prices of 17 commodities,https://www.tbsnews.net/economy/bazaar/commerce-ministry-set-retail-and-wholesale-prices-17-commodities-796302
Local onion prices jump to Tk100 per kg,https://www.tbsnews.net/economy/bazaar/local-onion-prices-jump-tk100-kg-685946
Govt hikes soyabean oil price by Tk8 per litre,https://www.tbsnews.net/economy/bazaar/govt-hikes-soyabean-oil-price-tk8-litre-1014156
No shortage of soybean oil: Tariff Commission,https://www.tbsnews.net/economy/bazaar/no-shortage-soybean-oil-tariff-commission-1065111
"Govt allows credit imports for edible oil, onion, sugar ahead of Ramadan",https://www.tbsnews.net/economy/bazaar/govt-allows-credit-imports-edible-oil-onion-sugar-ahead-ramadan-773538
377 tonnes of onions arrive from Myanmar through Teknaf ,https://www.tbsnews.net/economy/bazaar/377-tonnes-onions-arrive-myanmar-through-teknaf-969101
Vegetable prices fall in Dhaka markets as early winter supply increases,https://www.tbsnews.net/bangladesh/vegetable-prices-fall-tk20-early-winter-yields-start-arriving-975731
"Soybean sees Tk10 drop per litre as ginger, sugar, wheat in short supply",https://www.tbsnews.net/economy/bazaar/soybean-oil-price-drops-tk10-litre-647610
Rice price sees sudden jump in Ramadan,https://www.tbsnews.net/economy/bazaar/rice-price-sees-sudden-jump-ramadan-813516
"TCB to procure 1.10 crore litres of soybean oil, 10,000 MT lentil for OMS",https://www.tbsnews.net/economy/tcb-procure-110-crore-litres-soybean-oil-10000-mt-lentil-oms-800930
City malls see Eid shopping frenzy on Friday,https://www.tbsnews.net/economy/bazaar/city-malls-see-eid-shopping-frenzy-friday-813601
"Govt reduces duty, VAT on four essentials, including rice, edible oil",https://www.tbsnews.net/markets/govt-reduces-duty-and-vat-four-essentials-including-rice-and-edible-oil-789382
"34,000 tonnes of potatoes to be imported from India, in move to lower price",https://www.tbsnews.net/economy/bazaar/34000-tonnes-potatoes-be-imported-india-move-lower-price-786038
"Poultry Association’s fair price initiative for eggs, chicken to start 12 Jan at 20 Dhaka locations",https://www.tbsnews.net/economy/bazaar/poultry-association-sell-eggs-chicken-fair-prices-12-jan-1034621
"Truck fare rises Tk0.25 per egg, retail price shoots by Tk3  ",https://www.tbsnews.net/economy/bazaar/truck-fare-rises-tk025-egg-retail-price-shoots-tk3-480898
"Cold storage owners to blame for price spiral of potatoes, onions: Agriculture minister",https://www.tbsnews.net/economy/bazaar/govt-failed-control-onion-potato-prices-agri-minister-714718
"Meat, egg, milk prices will remain normal during Ramadan: Livestock minister",https://www.tbsnews.net/economy/bazaar/meat-egg-milk-prices-will-remain-normal-during-ramadan-livestock-minister-793562
No new import permit for onion through Hili land port after 15 March,https://www.tbsnews.net/economy/bazaar/no-new-import-permit-onion-through-hili-land-port-after-15-march-599434
"'Wrong' govt data, unending LC crisis hurting commodity market: Businesses",https://www.tbsnews.net/economy/bazaar/wrong-govt-data-unending-lc-crisis-hurting-commodities-market-businesses-759862
Govt withdraws decision to hike sugar price considering 'public suffering',https://www.tbsnews.net/economy/bazaar/govt-withdraws-decision-hike-sugar-price-considering-public-suffering-797594
Onion hoarders will be identified and punished: Consumers Rights DG,https://www.tbsnews.net/economy/bazaar/onion-hoarders-will-be-identified-and-punished-consumers-rights-dg-755670
"Sitrang: Khatunganj traders fear Tk50cr losses as water entered shops, warehouses",https://www.tbsnews.net/bangladesh/sitrang-khatunganj-traders-fear-tk50cr-losses-water-entered-shops-warehouses-519726
Sugar prices soar despite import duty cut,https://www.tbsnews.net/economy/bazaar/sugar-prices-soar-despite-import-duty-cut-739742
Is Tk42 per kg import tariff keeping sugar prices soaring?,https://www.tbsnews.net/economy/bazaar/tk42-tariff-sugar-import-keeping-its-prices-soaring-802354
"Low-priced milk, eggs, meat attract middle earners too",https://www.tbsnews.net/economy/bazaar/meat-prices-out-low-income-peoples-reach-even-subsidised-rates-604882
Market manipulation: Holding companies accountable may not be easy,https://www.tbsnews.net/economy/bazaar/market-manipulation-holding-companies-accountable-may-not-be-easy-550006
"Cattle markets yet to gain momentum, traders fear price fall",https://www.tbsnews.net/economy/bazaar/cattle-markets-yet-gain-momentum-traders-fear-price-fall-655186
Govt nods to green chilli import to tame price hike,https://www.tbsnews.net/economy/bazaar/govt-allows-import-green-chilli-curb-steep-price-hike-656122
"Ramadan drop in egg demand brings relief to consumers, but hardship for farmers",https://www.tbsnews.net/economy/bazaar/ramadan-drop-egg-demand-brings-relief-consumers-hardship-farmers-1102896
Ginger price up 50% in 2 days as traders cut import,https://www.tbsnews.net/economy/bazaar/ginger-price-50-2-days-traders-cut-import-507410
Retail vegetable prices way higher than wholesale rates,https://www.tbsnews.net/economy/bazaar/onion-price-increases-again-being-sold-tk80-kg-today-634438
AL front organisations begin vegetable sales at 'fair prices',https://www.tbsnews.net/economy/bazaar/al-front-organisations-start-selling-vegetables-fair-prices-sourcing-directly-farmers
Soybean oil prices to drop by Tk10 per litre before Ramadan,https://www.tbsnews.net/economy/bazaar/soybean-oil-prices-drop-tk10-litre-796006
TCB to start sugar sales at Tk55 today,https://www.tbsnews.net/economy/bazaar/tcb-start-sugar-sales-tk55-today-518970
Rice soars by Tk6-Tk8 per kg in two months despite duty cut,https://www.tbsnews.net/economy/bazaar/rice-soars-tk6-tk8-kg-two-months-despite-duty-cut-505354
Uneven wholesale-retail price gap for vegetables sparks concerns in Jashore,https://www.tbsnews.net/node/1039786
Prices of all types of meat and chicken up while vegetables remain stable on Friday,https://www.tbsnews.net/economy/bazaar/prices-all-types-meat-and-chicken-while-vegetables-remain-stable-friday-818426
"Edible oil prices hiked quietly, flour also gets costlier",https://www.tbsnews.net/bangladesh/edible-oil-prices-hiked-quietly-flour-also-gets-costlier-775730
Hilsa export to India: Bangladesh earned $1.36cr this year so far,https://www.tbsnews.net/economy/bazaar/hilsa-export-india-bangladesh-earned-136cr-year-so-far-509298
"4 ministers, other govt officials to meet Sunday to tackle rising commodity prices",https://www.tbsnews.net/economy/bazaar/4-ministers-other-govt-officials-meet-sunday-tackle-rising-commodity-prices-777454
"Second rice shipment from India to arrive 10 Jan, first Myanmar shipment expected 14 Jan",https://www.tbsnews.net/markets/second-rice-shipment-india-arrive-10-jan-first-myanmar-shipment-expected-14-jan-1035756
Demand for feed set to rise in Bangladesh pushing up soybean imports: USDA report,https://www.tbsnews.net/node/812956
Broiler chicken price over Tk200 irrational: Consumer rights chief,https://www.tbsnews.net/economy/bazaar/broiler-chicken-price-over-tk200-irrational-consumer-rights-chief-604082
Benefits of watermelon and how to spot a good one,https://www.tbsnews.net/agriculture/watermelon-guide-1094096
Supply crunch cuts paddy trade by 60% at Brahmanbaria market,https://www.tbsnews.net/economy/bazaar/supply-crunch-cuts-paddy-trade-60-brahmanbaria-market-513806
Govt to allow import of potatoes to bring down prices,https://www.tbsnews.net/economy/bazaar/govt-allow-import-potatoes-bring-down-prices-729494
Hilsa prices decreasing as supply increases in Khulna,https://www.tbsnews.net/economy/bazaar/hilsa-prices-decreasing-supply-increases-khulna-685638
Farmers' initiative to sell eggs at Tk12 apiece hits a snag amid management woes,https://www.tbsnews.net/economy/bazaar/farmers-initiative-sell-eggs-tk12-apiece-hits-snag-amid-management-woes-722206
"‘Janatar Bazar’ to launch in February, will offer daily essentials at fair prices",https://www.tbsnews.net/economy/bazaar/janatar-bazar-launch-february-will-offer-daily-essentials-fair-prices-1034586
Broiler chicken being sold at Tk245-260 per kg in Dhaka today,https://www.tbsnews.net/economy/bazaar/broiler-chicken-being-sold-tk245-260-kg-dhaka-today-604930
Tariff Commission wants 25% duty on rice bran oil exports to boost local supply,https://www.tbsnews.net/economy/bazaar/tariff-commission-wants-25-regulatory-duty-rice-bran-oil-export-ensure-adequate
Low local production keeps green chilli prices high despite import,https://www.tbsnews.net/economy/bazaar/low-local-production-keeps-green-chilli-prices-high-despite-import-480250
Super shops offer products at cheaper rates than kitchen markets: Ahsanul,https://www.tbsnews.net/bangladesh/fixed-price-shops-offer-products-cheaper-rates-kitchen-markets-808998
"Price of soybean oil up by Tk12, sugar by Tk13",https://www.tbsnews.net/economy/bazaar/soyabean-oil-cost-tk12-morelitre-sugar-price-fixed-tk108-533610
Price of imported onions rose by more than 70% in one month,https://www.tbsnews.net/economy/bazaar/price-imported-onions-rose-more-70-one-month-688526
"Wholesale prices of Ramadan essentials drop, with little effect on retail market",https://www.tbsnews.net/economy/bazaar/wholesale-prices-ramadan-essentials-drop-little-effect-retail-market-614590
Edible oil and sugar demand data inaccurate: Traders ,https://www.tbsnews.net/economy/bazaar/traders-demand-tariff-cut-sugar-import-stabilise-ramadan-pricing-583934
"If people don't buy in excess, there will be no price hike of essentials ahead of Ramadan: Tipu Munshi",https://www.tbsnews.net/economy/bazaar/if-people-dont-buy-excess-there-will-be-no-price-hike-essentials-ahead-ramadan-tipu
"Soybean rots in warehouses with no buyers, prices hitting 10-yr low",https://www.tbsnews.net/economy/bazaar/soybean-rots-warehouses-no-buyers-prices-hitting-10-yr-low-1102911
Egg prices rise again amid short supply after chicken deaths in heatwave,https://www.tbsnews.net/economy/bazaar/egg-prices-rise-again-amid-short-supply-after-chicken-deaths-heatwave-846511
