title,price,link
"FUTOPIA ULTIMUS Elite 10th Gen Intel core i5 8 GB RAM/ 512GB SSD, 14.1-inch (35.8 cm) FHD IPS Display Type-C Port Win 11 Home Black 1.30 Kg RJ45 Port Thin & Light NU14U3INF56BN-MB","₹21,490",/sspa/click?ie=UTF8&spc=MTo3MzIxMTkzNTc4MjM2MTkyOjE3NDQwODc0NzA6c3BfbXRmOjMwMDQ1ODkwNzkxMjEzMjo6MDo6&url=%2FFUTOPIA-ULTIMUS-14-1-inch-Display-NU14U3INF56BN-MB%2Fdp%2FB0DMT4NLMR%2Fref%3Dsr_1_27_sspa%3Fcrid%3D34VDZH1H46UCQ%26dib%3DeyJ2IjoiMSJ9.qfQtqLtC5P9d79LA-qX4OnGyL-ol9CLh65VUzVorGbWGeTCgkjSBnc92vVs_mbO0CmLrCfyGO5KzNjfSEZtowGDdSzSF5TM8jDrPCTRuO_kQJJBN-Drj6e6cjYcO29_ATFUUSmt4TL0_pdDMT5xFDDipTegwPkZCQp4zE7hVOxvGu3l-a2sUwsHCr2-S7nlc6NqCtHDjmcNZt7mJIwUjXexEOe7SMI-5RoTfisSeQFg.1AHpmwkLrNG69YS6y88Dbxn37GVR8wyo-lKtfWO5UIQ%26dib_tag%3Dse%26keywords%3Dlaptop%26qid%3D1744087470%26sprefix%3Dlaptop%252Caps%252C593%26sr%3D8-27-spons%26sp_csd%3Dd2lkZ2V0TmFtZT1zcF9tdGY%26psc%3D1
"HP Victus, 13th Gen Intel Core i7-13620H, 8GB NVIDIA RTX 4060, 16GB DDR4, 1TB SSD (Win11, Office21, Silver, 2.29kg), 144Hz, 9MS, IPS, 15.6-inch(39.6cm), FHD Gaming Laptop, Enhanced Cooling, fa1333TX","₹90,990",/HP-i7-13620H-15-6-inch-Response-15-fa1333TX/dp/B0D7H15S9Z/ref=sr_1_35?crid=34VDZH1H46UCQ&dib=eyJ2IjoiMSJ9.qfQtqLtC5P9d79LA-qX4OnGyL-ol9CLh65VUzVorGbWGeTCgkjSBnc92vVs_mbO0CmLrCfyGO5KzNjfSEZtowGDdSzSF5TM8jDrPCTRuO_kQJJBN-Drj6e6cjYcO29_ATFUUSmt4TL0_pdDMT5xFDDipTegwPkZCQp4zE7hVOxvGu3l-a2sUwsHCr2-S7nlc6NqCtHDjmcNZt7mJIwUjXexEOe7SMI-5RoTfisSeQFg.1AHpmwkLrNG69YS6y88Dbxn37GVR8wyo-lKtfWO5UIQ&dib_tag=se&keywords=laptop&qid=1744087470&sprefix=laptop%2Caps%2C593&sr=8-35
"Lenovo IdeaPad Slim 3 13th Gen Intel Core i7-13620H 15.6"" (39.62cm) FHDIPS300 Nits Thin&Light Laptop (16GB/512GB SSD/Intel UHDGraphics/Win11/Office Home 2024/1YrADP Free/ARCTIC-Grey/1.6Kg), 83EM00GTIN","₹64,690",/sspa/click?ie=UTF8&spc=MTo3MzIxMTkzNTc4MjM2MTkyOjE3NDQwODc0NzA6c3BfYXRmX25leHQ6MzAwNDEzNDUxNjI4MDMyOjowOjo&url=%2FLenovo-i7-13620H-UHDGraphics-ARCTIC-Grey-83EM00GTIN%2Fdp%2FB0DL5N2TFC%2Fref%3Dsr_1_18_sspa%3Fcrid%3D34VDZH1H46UCQ%26dib%3DeyJ2IjoiMSJ9.qfQtqLtC5P9d79LA-qX4OnGyL-ol9CLh65VUzVorGbWGeTCgkjSBnc92vVs_mbO0CmLrCfyGO5KzNjfSEZtowGDdSzSF5TM8jDrPCTRuO_kQJJBN-Drj6e6cjYcO29_ATFUUSmt4TL0_pdDMT5xFDDipTegwPkZCQp4zE7hVOxvGu3l-a2sUwsHCr2-S7nlc6NqCtHDjmcNZt7mJIwUjXexEOe7SMI-5RoTfisSeQFg.1AHpmwkLrNG69YS6y88Dbxn37GVR8wyo-lKtfWO5UIQ%26dib_tag%3Dse%26keywords%3Dlaptop%26qid%3D1744087470%26sprefix%3Dlaptop%252Caps%252C593%26sr%3D8-18-spons%26sp_csd%3Dd2lkZ2V0TmFtZT1zcF9hdGZfbmV4dA%26psc%3D1
"Apple 2024 MacBook Pro Laptop with M4 Max chip with 14‑core CPU and 32‑core GPU: Built for Apple Intelligence, (14.2″) Liquid Retina XDR Display, 36GB Unified Memory, 1TB SSD Storage; Space Black","₹3,09,990",/sspa/click?ie=UTF8&spc=MTo4MjQxNzU0ODcwMTgzODI5OjE3NDQwODc0NDk6c3Bfc2VhcmNoX3RoZW1hdGljOjMwMDM5Mjk2MzMyNzgzMjo6Mzo6&url=%2FApple-MacBook-Laptop-14%25E2%2580%2591core-32%25E2%2580%2591core%2Fdp%2FB0DLHGCB3C%2Fref%3Dsxin_12_pa_sp_search_thematic_sspa%3Fcontent-id%3Damzn1.sym.70fd741c-68a9-470a-9805-115e3115104d%253Aamzn1.sym.70fd741c-68a9-470a-9805-115e3115104d%26crid%3D34VDZH1H46UCQ%26cv_ct_cx%3Dlaptop%26keywords%3Dlaptop%26pd_rd_i%3DB0DLHGCB3C%26pd_rd_r%3Dae85487d-7fae-49b4-9c0a-24a4669d028c%26pd_rd_w%3DYOP0q%26pd_rd_wg%3D5mQZ8%26pf_rd_p%3D70fd741c-68a9-470a-9805-115e3115104d%26pf_rd_r%3D0JSZNJVW9R9XVC401GE4%26qid%3D1744087449%26sbo%3DRZvfv%252F%252FHxDF%252BO5021pAnSA%253D%253D%26sprefix%3Dlaptop%252Caps%252C593%26sr%3D1-4-66673dcf-083f-43ba-b782-d4a436cc5cfb-spons%26sp_csd%3Dd2lkZ2V0TmFtZT1zcF9zZWFyY2hfdGhlbWF0aWM%26psc%3D1
"Acer [Smartchoice Aspire Lite AMD Ryzen 3 5300U Premium Thin and Light Laptop (Windows 11 Home/8 GB RAM/512 GB SSD) AL15-41 with 39.62 cm (15.6"") Full HD Display, Metal Body, Steel Gray, 1.6 KG","₹26,990",/Acer-Smartchoice-Premium-Windows-AL15-41/dp/B0CWTSF1TK/ref=sr_1_16?crid=34VDZH1H46UCQ&dib=eyJ2IjoiMSJ9.rp98xcX_E_AwI1RL8qEmuw5HYdop-So7icMCLC2E4tSLgBEhDbsKKBeAdIoXKBvLS4xpzo6oCFxjykJs4dooniDMf0A9jhNIMa80m0tN9SruKRFawaL_bax3Sa0UgkV_1ZOvHf5ALisAx3GKZHv06DxBuAu4qjLB2YlA6qwd7wXpbVsVMl5wR4LZjXliZXCqPVnYgiX6N1FDpLCIvWKYQXZ1XgJ5g2g0caeUUX9q4SY.60ykO35tbRlzauGVhiB1uQ2t5y7_jb2ymNtNrccTVic&dib_tag=se&keywords=laptop&qid=1744087449&sprefix=laptop%2Caps%2C593&sr=8-16
"Dyazo 6 Angles Adjustable Aluminum Ergonomic Foldable Portable Tabletop Laptop/Desktop Riser Stand Holder Compatible for MacBook, HP, Dell, Lenovo & All Other Notebook (Silver)",₹349,/Dyazo-Computer-Adjustable-Ergonomic-Compatible/dp/B08LHTJTBB/ref=sr_1_58?crid=34VDZH1H46UCQ&dib=eyJ2IjoiMSJ9.Rky3kBtVSeYnLRQPfeRRup43K4dF-Hk_MjTkXH9P1qdFyvB4T7zUoGC98BvCdupp65PU4J5aV7VBqPgDNPVFkFFbRjzNCqMann7YGgvYeFP8kGqC40ooWHf-774U1GDgkTQOrT2e1xf8ow-l3E2e466Udht4BD4eMtmBrCCxu3tKGN2ly7O-snJRDComIOMXbYR-CB1hAdwnagaizyL66kidbx3UFVtcJI6Cn-MvkXk.c6sCXB4FTyJkDgYPjkFX_E5BW82pjWhyH_7zFk6YH3Q&dib_tag=se&keywords=laptop&qid=1744087495&sprefix=laptop%2Caps%2C593&sr=8-58
"Lᥱnovo ThinkPad Touch Screen T490 Laptop Intᥱl Core i7 8th Gen 14-inch Full HD Thin and Light (512GB SSD/16GB RAM/Win 10 pro), (Rᥱfurbishᥱd) Black","₹24,990",/L%E1%A5%B1novo-ThinkPad-Screen-14-inch-R%E1%A5%B1furbish%E1%A5%B1d/dp/B0F2Z2CZ2B/ref=sr_1_17?crid=34VDZH1H46UCQ&dib=eyJ2IjoiMSJ9.rp98xcX_E_AwI1RL8qEmuw5HYdop-So7icMCLC2E4tSLgBEhDbsKKBeAdIoXKBvLS4xpzo6oCFxjykJs4dooniDMf0A9jhNIMa80m0tN9SruKRFawaL_bax3Sa0UgkV_1ZOvHf5ALisAx3GKZHv06DxBuAu4qjLB2YlA6qwd7wXpbVsVMl5wR4LZjXliZXCqPVnYgiX6N1FDpLCIvWKYQXZ1XgJ5g2g0caeUUX9q4SY.60ykO35tbRlzauGVhiB1uQ2t5y7_jb2ymNtNrccTVic&dib_tag=se&keywords=laptop&qid=1744087449&sprefix=laptop%2Caps%2C593&sr=8-17
"Tygot 6 Angles Adjustable Aluminum Ergonomic Foldable Portable Tabletop Laptop/Desktop Riser Stand Holder Compatible for MacBook, HP, Dell, Lenovo & All Other Notebook (Grey)",₹299,/Tygot-Laptop-Stand-Adjustable-OverHeating/dp/B0D9FL6CFX/ref=sr_1_50?crid=34VDZH1H46UCQ&dib=eyJ2IjoiMSJ9.DOdWy-rC6RiGF2cbWZAbDi20WAjSP66oXcgXpQKNKJp9sbuXi5i8cB-2PuBb_u38b0Ut6hvzYbAgnJhtI3CfSAtN5UTE3KgdBQl7UEVdriDSbSFsXbi46-Lxv00L4kiWgyFfL1qiE2_bRlOKjyPh2nkO_B2eUdE2VoS9MdI0zA6362xl-j5bfGGKEvzaOfXCdYqRUWB1uYqjRCFH1jzla4osrSywlHCRZ19nb-pFGj4.6c9V0B9O4QUMbs-Lfh8lRIMXYrPdpiOJrYFQR0GB1GI&dib_tag=se&keywords=laptop&qid=1744087486&sprefix=laptop%2Caps%2C593&sr=8-50
"MSI Katana A17 AI, AMD 8th Gen. Ryzen 9 8945HS,Built-in AI, 44CM Laptop(16GB/1TB NVMe SSD/Windows 11 Home/Nvidia GeForce RTX4050, 6GB GDDR6/Black/2.6Kg), B8VE-884IN","₹99,990",/MSI-Windows-GeForce-RTX4050-B8VE-884IN/dp/B0BV1GBXKP/ref=sr_1_53?crid=34VDZH1H46UCQ&dib=eyJ2IjoiMSJ9.Rky3kBtVSeYnLRQPfeRRup43K4dF-Hk_MjTkXH9P1qdFyvB4T7zUoGC98BvCdupp65PU4J5aV7VBqPgDNPVFkFFbRjzNCqMann7YGgvYeFP8kGqC40ooWHf-774U1GDgkTQOrT2e1xf8ow-l3E2e466Udht4BD4eMtmBrCCxu3tKGN2ly7O-snJRDComIOMXbYR-CB1hAdwnagaizyL66kidbx3UFVtcJI6Cn-MvkXk.c6sCXB4FTyJkDgYPjkFX_E5BW82pjWhyH_7zFk6YH3Q&dib_tag=se&keywords=laptop&qid=1744087495&sprefix=laptop%2Caps%2C593&sr=8-53
"HP 14 AI Laptop, Intel Core Ultra 5 125H,12 Tops,16GB DDR5, 512GB SSD, (Win 11, Silver, 1.4 kg) Anti-Glare,14-inch (35.6 cm), FHD, Intel Arc Graphics, FHD Camera, Backlit KB, gr1022TU","₹67,990",/sspa/click?ie=UTF8&spc=MTo2MjU3OTA2OTA0NjgwNDQ3OjE3NDQwODc0NDk6c3BfYnRmOjMwMDQ1NjE3ODEyMDgzMjo6MDo6&url=%2FHP-14-inch-Graphics-Privacy-gr1022TU%2Fdp%2FB0D8J8H131%2Fref%3Dsr_1_22_sspa%3Fcrid%3D34VDZH1H46UCQ%26dib%3DeyJ2IjoiMSJ9.rp98xcX_E_AwI1RL8qEmuw5HYdop-So7icMCLC2E4tSLgBEhDbsKKBeAdIoXKBvLS4xpzo6oCFxjykJs4dooniDMf0A9jhNIMa80m0tN9SruKRFawaL_bax3Sa0UgkV_1ZOvHf5ALisAx3GKZHv06DxBuAu4qjLB2YlA6qwd7wXpbVsVMl5wR4LZjXliZXCqPVnYgiX6N1FDpLCIvWKYQXZ1XgJ5g2g0caeUUX9q4SY.60ykO35tbRlzauGVhiB1uQ2t5y7_jb2ymNtNrccTVic%26dib_tag%3Dse%26keywords%3Dlaptop%26qid%3D1744087449%26sprefix%3Dlaptop%252Caps%252C593%26sr%3D8-22-spons%26sp_csd%3Dd2lkZ2V0TmFtZT1zcF9idGY%26psc%3D1
"HP 15s, 12th Gen Intel Core i3-1215U, 8GB DDR4, 512GB SSD, (Win 11, Office 21, Silver, 1.69kg) Anti-glare, Micro-edge, 15.6-inch(39.6cm) FHD laptop, Intel UHD Graphics, HD camera, Backlit KB, fq5327tu","₹35,750",/HP-i3-1215U-15-6-inch-Graphics-Speakers/dp/B0BP2M7CCS/ref=sr_1_63?crid=34VDZH1H46UCQ&dib=eyJ2IjoiMSJ9.Rky3kBtVSeYnLRQPfeRRup43K4dF-Hk_MjTkXH9P1qdFyvB4T7zUoGC98BvCdupp65PU4J5aV7VBqPgDNPVFkFFbRjzNCqMann7YGgvYeFP8kGqC40ooWHf-774U1GDgkTQOrT2e1xf8ow-l3E2e466Udht4BD4eMtmBrCCxu3tKGN2ly7O-snJRDComIOMXbYR-CB1hAdwnagaizyL66kidbx3UFVtcJI6Cn-MvkXk.c6sCXB4FTyJkDgYPjkFX_E5BW82pjWhyH_7zFk6YH3Q&dib_tag=se&keywords=laptop&qid=1744087495&sprefix=laptop%2Caps%2C593&sr=8-63
"HP 255 G9 Ryzen 3 Dual Core AMD Ryzen™ 3 Processor 3250U - (8 GB/512 GB SSD/AMD Radeon Graphics) 9H237PT Thin and Light Laptop (15.6 inch, Black, 1.47 kg)","₹23,990",/HP-255-G9-RyzenTM-Processor/dp/B0DMSNR4GG/ref=sr_1_24?crid=34VDZH1H46UCQ&dib=eyJ2IjoiMSJ9.qfQtqLtC5P9d79LA-qX4OnGyL-ol9CLh65VUzVorGbWGeTCgkjSBnc92vVs_mbO0CmLrCfyGO5KzNjfSEZtowGDdSzSF5TM8jDrPCTRuO_kQJJBN-Drj6e6cjYcO29_ATFUUSmt4TL0_pdDMT5xFDDipTegwPkZCQp4zE7hVOxvGu3l-a2sUwsHCr2-S7nlc6NqCtHDjmcNZt7mJIwUjXexEOe7SMI-5RoTfisSeQFg.1AHpmwkLrNG69YS6y88Dbxn37GVR8wyo-lKtfWO5UIQ&dib_tag=se&keywords=laptop&qid=1744087470&sprefix=laptop%2Caps%2C593&sr=8-24
"HP Victus, AMD Ryzen 5 5600H, NVIDIA RTX 3050, 16GB DDR4, 512GB SSD (Win11, Office21, Blue, 2.37kg) 144Hz, 9MS, IPS, 15.6-inch(39.6cm) Gaming Laptop, Backlit kb, Enhanced Cooling, fb0106AX/Fb0112AX","₹61,490",/HP-GeForce-Graphics-Response-15-fb0106AX/dp/B0BWS9YNCX/ref=sr_1_51?crid=34VDZH1H46UCQ&dib=eyJ2IjoiMSJ9.Rky3kBtVSeYnLRQPfeRRup43K4dF-Hk_MjTkXH9P1qdFyvB4T7zUoGC98BvCdupp65PU4J5aV7VBqPgDNPVFkFFbRjzNCqMann7YGgvYeFP8kGqC40ooWHf-774U1GDgkTQOrT2e1xf8ow-l3E2e466Udht4BD4eMtmBrCCxu3tKGN2ly7O-snJRDComIOMXbYR-CB1hAdwnagaizyL66kidbx3UFVtcJI6Cn-MvkXk.c6sCXB4FTyJkDgYPjkFX_E5BW82pjWhyH_7zFk6YH3Q&dib_tag=se&keywords=laptop&qid=1744087495&sprefix=laptop%2Caps%2C593&sr=8-51
"Dell {Smartchoice} G15-5530 Core i5-13450HX| NVIDIA RTX 3050, 6GB (16GB RAM|1TB SSD, FHD|Window 11|MS Office' 21|15.6"" (39.62cm)|Dark Shadow Grey|2.65Kg|Gaming Laptop","₹76,962",/Dell-Smartchoice-G15-5530-Gaming-i5-13450HX/dp/B0CRKXDX83/ref=sr_1_40?crid=34VDZH1H46UCQ&dib=eyJ2IjoiMSJ9.DOdWy-rC6RiGF2cbWZAbDi20WAjSP66oXcgXpQKNKJp9sbuXi5i8cB-2PuBb_u38b0Ut6hvzYbAgnJhtI3CfSAtN5UTE3KgdBQl7UEVdriDSbSFsXbi46-Lxv00L4kiWgyFfL1qiE2_bRlOKjyPh2nkO_B2eUdE2VoS9MdI0zA6362xl-j5bfGGKEvzaOfXCdYqRUWB1uYqjRCFH1jzla4osrSywlHCRZ19nb-pFGj4.6c9V0B9O4QUMbs-Lfh8lRIMXYrPdpiOJrYFQR0GB1GI&dib_tag=se&keywords=laptop&qid=1744087486&sprefix=laptop%2Caps%2C593&sr=8-40
"ASUS Vivobook Go 14, AMD Ryzen 3 7320U, 8GB RAM, 512GB SSD, FHD, 14""/35.56cm, Windows 11, Office 2021, Black, 1.38KG, E1404FA-NK325WS, 42WHr, Thin and Light Laptop","₹29,990",/ASUS-Vivobook-Laptop-Office-E1404FA-NK325WS/dp/B0CCPC5DTD/ref=sr_1_9?crid=34VDZH1H46UCQ&dib=eyJ2IjoiMSJ9.rp98xcX_E_AwI1RL8qEmuw5HYdop-So7icMCLC2E4tSLgBEhDbsKKBeAdIoXKBvLS4xpzo6oCFxjykJs4dooniDMf0A9jhNIMa80m0tN9SruKRFawaL_bax3Sa0UgkV_1ZOvHf5ALisAx3GKZHv06DxBuAu4qjLB2YlA6qwd7wXpbVsVMl5wR4LZjXliZXCqPVnYgiX6N1FDpLCIvWKYQXZ1XgJ5g2g0caeUUX9q4SY.60ykO35tbRlzauGVhiB1uQ2t5y7_jb2ymNtNrccTVic&dib_tag=se&keywords=laptop&qid=1744087449&sprefix=laptop%2Caps%2C593&sr=8-9
"Lenovo IdeaPad Slim 3 13th Gen Intel Core i7-13620H 15.6"" (39.62cm) FHDIPS300 Nits Thin&Light Laptop (16GB/512GB SSD/Intel UHDGraphics/Win11/Office Home 2024/1YrADP Free/ARCTIC-Grey/1.6Kg), 83EM00GTIN","₹64,690",/sspa/click?ie=UTF8&spc=MTo4NzI1Mzg2OTgyNTk0ODU5OjE3NDQwODc0NzA6c3Bfc2VhcmNoX3RoZW1hdGljOjMwMDQxMzQ1MTYyODAzMjo6MDo6&url=%2FLenovo-i7-13620H-UHDGraphics-ARCTIC-Grey-83EM00GTIN%2Fdp%2FB0DL5N2TFC%2Fref%3Dsxin_13_pa_sp_search_thematic_sspa%3Fcontent-id%3Damzn1.sym.59126330-c308-4c36-a5a0-21cac002681f%253Aamzn1.sym.59126330-c308-4c36-a5a0-21cac002681f%26crid%3D34VDZH1H46UCQ%26cv_ct_cx%3Dlaptop%26keywords%3Dlaptop%26pd_rd_i%3DB0DL5N2TFC%26pd_rd_r%3D90dbb0c0-c8c4-4e36-a355-f15417d25fd2%26pd_rd_w%3DQBoPY%26pd_rd_wg%3DW0Azq%26pf_rd_p%3D59126330-c308-4c36-a5a0-21cac002681f%26pf_rd_r%3DGMFJEB9N19BB3EWD8Z29%26qid%3D1744087470%26sbo%3DRZvfv%252F%252FHxDF%252BO5021pAnSA%253D%253D%26sprefix%3Dlaptop%252Caps%252C593%26sr%3D1-17-2ec22325-1003-449d-8aaf-c0bcc24717ae-spons%26sp_csd%3Dd2lkZ2V0TmFtZT1zcF9zZWFyY2hfdGhlbWF0aWM%26psc%3D1
"FUTOPIA ULTIMUS Elite 10th Gen Intel core i5 8 GB RAM/ 512GB SSD, 14.1-inch (35.8 cm) FHD IPS Display Type-C Port Win 11 Home Cloud Silver 1.30 Kg RJ45 Port Thin & Light NU14U3INF56BN-CS","₹21,490",/sspa/click?ie=UTF8&spc=MTo3MzIxMTkzNTc4MjM2MTkyOjE3NDQwODc0NzA6c3BfbXRmOjMwMDA3MjA4NTY5MjMzMjo6MDo6&url=%2FULTIMUS-All-new-14-1-inch-Display-NU14U3INF56BN-CS%2Fdp%2FB0C46JV581%2Fref%3Dsr_1_28_sspa%3Fcrid%3D34VDZH1H46UCQ%26dib%3DeyJ2IjoiMSJ9.qfQtqLtC5P9d79LA-qX4OnGyL-ol9CLh65VUzVorGbWGeTCgkjSBnc92vVs_mbO0CmLrCfyGO5KzNjfSEZtowGDdSzSF5TM8jDrPCTRuO_kQJJBN-Drj6e6cjYcO29_ATFUUSmt4TL0_pdDMT5xFDDipTegwPkZCQp4zE7hVOxvGu3l-a2sUwsHCr2-S7nlc6NqCtHDjmcNZt7mJIwUjXexEOe7SMI-5RoTfisSeQFg.1AHpmwkLrNG69YS6y88Dbxn37GVR8wyo-lKtfWO5UIQ%26dib_tag%3Dse%26keywords%3Dlaptop%26qid%3D1744087470%26sprefix%3Dlaptop%252Caps%252C593%26sr%3D8-28-spons%26sp_csd%3Dd2lkZ2V0TmFtZT1zcF9tdGY%26psc%3D1
Dell Latitude 3440 Intel Core I3 12Th Gen 1215U - (8GB/512 GB SSD/Intel UHD Graphics) Thin and Light Business DOS Laptop/14 HD Display/Grey/1.5 Kg,"₹29,200",/Dell-Latitude-3440-Intel-1215U/dp/B0B8XFRNT8/ref=sr_1_35?crid=34VDZH1H46UCQ&dib=eyJ2IjoiMSJ9.DOdWy-rC6RiGF2cbWZAbDi20WAjSP66oXcgXpQKNKJp9sbuXi5i8cB-2PuBb_u38b0Ut6hvzYbAgnJhtI3CfSAtN5UTE3KgdBQl7UEVdriDSbSFsXbi46-Lxv00L4kiWgyFfL1qiE2_bRlOKjyPh2nkO_B2eUdE2VoS9MdI0zA6362xl-j5bfGGKEvzaOfXCdYqRUWB1uYqjRCFH1jzla4osrSywlHCRZ19nb-pFGj4.6c9V0B9O4QUMbs-Lfh8lRIMXYrPdpiOJrYFQR0GB1GI&dib_tag=se&keywords=laptop&qid=1744087486&sprefix=laptop%2Caps%2C593&sr=8-35
"Acer Aspire Lite AMD Ryzen 3 5300U Premium Thin and Light Laptop (Windows 11 Home/16 GB RAM/512 GB SSD) AL15-41 with 39.62 cm (15.6"") Full HD Display, Metal Body, Steel Gray, 1.6 KG","₹28,990",/Acer-Premium-Windows-AL15-41-Display/dp/B0CWTYGPH8/ref=sr_1_19?crid=34VDZH1H46UCQ&dib=eyJ2IjoiMSJ9.qfQtqLtC5P9d79LA-qX4OnGyL-ol9CLh65VUzVorGbWGeTCgkjSBnc92vVs_mbO0CmLrCfyGO5KzNjfSEZtowGDdSzSF5TM8jDrPCTRuO_kQJJBN-Drj6e6cjYcO29_ATFUUSmt4TL0_pdDMT5xFDDipTegwPkZCQp4zE7hVOxvGu3l-a2sUwsHCr2-S7nlc6NqCtHDjmcNZt7mJIwUjXexEOe7SMI-5RoTfisSeQFg.1AHpmwkLrNG69YS6y88Dbxn37GVR8wyo-lKtfWO5UIQ&dib_tag=se&keywords=laptop&qid=1744087470&sprefix=laptop%2Caps%2C593&sr=8-19
"HP 255 G10 AMD Ryzen 5 Quad Core 7520U 2.8Ghz Upto 4.3Ghz - (8 GB/512 GB SSD) 255 G10 Thin and Light Laptop (15.6 inch, Matt Silver, 1.45 kg)","₹29,990",/HP-Ryzen-7520U-2-8Ghz-4-3Ghz/dp/B0DS8Y725N/ref=sr_1_4?crid=34VDZH1H46UCQ&dib=eyJ2IjoiMSJ9.rp98xcX_E_AwI1RL8qEmuw5HYdop-So7icMCLC2E4tSLgBEhDbsKKBeAdIoXKBvLS4xpzo6oCFxjykJs4dooniDMf0A9jhNIMa80m0tN9SruKRFawaL_bax3Sa0UgkV_1ZOvHf5ALisAx3GKZHv06DxBuAu4qjLB2YlA6qwd7wXpbVsVMl5wR4LZjXliZXCqPVnYgiX6N1FDpLCIvWKYQXZ1XgJ5g2g0caeUUX9q4SY.60ykO35tbRlzauGVhiB1uQ2t5y7_jb2ymNtNrccTVic&dib_tag=se&keywords=laptop&qid=1744087449&sprefix=laptop%2Caps%2C593&sr=8-4
"FUTOPIA ULTIMUS Elite 10th Gen Intel core i5 8 GB RAM/ 512GB SSD, 14.1-inch (35.8 cm) FHD IPS Display Type-C Port Win 11 Home Cloud Silver 1.30 Kg RJ45 Port Thin & Light NU14U3INF56BN-CS","₹21,490",/sspa/click?ie=UTF8&spc=MTo2MjU3OTA2OTA0NjgwNDQ3OjE3NDQwODc0NDk6c3BfbXRmOjMwMDA3MjA4NTY5MjMzMjo6MDo6&url=%2FULTIMUS-All-new-14-1-inch-Display-NU14U3INF56BN-CS%2Fdp%2FB0C46JV581%2Fref%3Dsr_1_12_sspa%3Fcrid%3D34VDZH1H46UCQ%26dib%3DeyJ2IjoiMSJ9.rp98xcX_E_AwI1RL8qEmuw5HYdop-So7icMCLC2E4tSLgBEhDbsKKBeAdIoXKBvLS4xpzo6oCFxjykJs4dooniDMf0A9jhNIMa80m0tN9SruKRFawaL_bax3Sa0UgkV_1ZOvHf5ALisAx3GKZHv06DxBuAu4qjLB2YlA6qwd7wXpbVsVMl5wR4LZjXliZXCqPVnYgiX6N1FDpLCIvWKYQXZ1XgJ5g2g0caeUUX9q4SY.60ykO35tbRlzauGVhiB1uQ2t5y7_jb2ymNtNrccTVic%26dib_tag%3Dse%26keywords%3Dlaptop%26qid%3D1744087449%26sprefix%3Dlaptop%252Caps%252C593%26sr%3D8-12-spons%26sp_csd%3Dd2lkZ2V0TmFtZT1zcF9tdGY%26psc%3D1
"Samsung Galaxy Book3 Pro Intel 13th Gen i5 EvoTM 35.56cm(14"") Dynamic Amoled 2X, 3K Display, 120Hz, Ultra Thin & Light Laptop(16 GB/512 GB SSD/Windows 11/MS Office/Graphite/1.17Kg), NP940XFG-KC1IN","₹97,150",/Samsung-35-56cm-Dynamic-Graphite-NP940XFG-KC1IN/dp/B0BSH3JFP2/ref=sr_1_32?crid=34VDZH1H46UCQ&dib=eyJ2IjoiMSJ9.qfQtqLtC5P9d79LA-qX4OnGyL-ol9CLh65VUzVorGbWGeTCgkjSBnc92vVs_mbO0CmLrCfyGO5KzNjfSEZtowGDdSzSF5TM8jDrPCTRuO_kQJJBN-Drj6e6cjYcO29_ATFUUSmt4TL0_pdDMT5xFDDipTegwPkZCQp4zE7hVOxvGu3l-a2sUwsHCr2-S7nlc6NqCtHDjmcNZt7mJIwUjXexEOe7SMI-5RoTfisSeQFg.1AHpmwkLrNG69YS6y88Dbxn37GVR8wyo-lKtfWO5UIQ&dib_tag=se&keywords=laptop&qid=1744087470&sprefix=laptop%2Caps%2C593&sr=8-32
"JioBook 11 with Lifetime Office/Android 4G Laptop Mediatek 8788 (JioOS) / Octa-core/ 4GB RAM / 64 eMMC Storage/Thin and Light Laptop (11.6 inch, 990 Grams)/ Dual Band WiFi + SIM/Blue","₹12,990",/JioBook-Octa-Core-LPDDR4-JioOS-Expandable/dp/B0CKX9PY1H/ref=sr_1_7?crid=34VDZH1H46UCQ&dib=eyJ2IjoiMSJ9.rp98xcX_E_AwI1RL8qEmuw5HYdop-So7icMCLC2E4tSLgBEhDbsKKBeAdIoXKBvLS4xpzo6oCFxjykJs4dooniDMf0A9jhNIMa80m0tN9SruKRFawaL_bax3Sa0UgkV_1ZOvHf5ALisAx3GKZHv06DxBuAu4qjLB2YlA6qwd7wXpbVsVMl5wR4LZjXliZXCqPVnYgiX6N1FDpLCIvWKYQXZ1XgJ5g2g0caeUUX9q4SY.60ykO35tbRlzauGVhiB1uQ2t5y7_jb2ymNtNrccTVic&dib_tag=se&keywords=laptop&qid=1744087449&sprefix=laptop%2Caps%2C593&sr=8-7
"ASUS Vivobook Go 15 (2023), AMD Ryzen 5 7520U, 16GB RAM, 512GB SSD, FHD, 15.6""/39.62cm, Windows 11, MS Office 2021, Mixed Black, 1.63KG, E1504FA-NJ542WS, Alexa Built-in, Thin & Light Laptop","₹40,990",/ASUS-Vivobook-Laptop-Windows-E1504FA-NJ542WS/dp/B0BTWF2BQX/ref=sr_1_22?crid=34VDZH1H46UCQ&dib=eyJ2IjoiMSJ9.qfQtqLtC5P9d79LA-qX4OnGyL-ol9CLh65VUzVorGbWGeTCgkjSBnc92vVs_mbO0CmLrCfyGO5KzNjfSEZtowGDdSzSF5TM8jDrPCTRuO_kQJJBN-Drj6e6cjYcO29_ATFUUSmt4TL0_pdDMT5xFDDipTegwPkZCQp4zE7hVOxvGu3l-a2sUwsHCr2-S7nlc6NqCtHDjmcNZt7mJIwUjXexEOe7SMI-5RoTfisSeQFg.1AHpmwkLrNG69YS6y88Dbxn37GVR8wyo-lKtfWO5UIQ&dib_tag=se&keywords=laptop&qid=1744087470&sprefix=laptop%2Caps%2C593&sr=8-22
"Samsung Galaxy Book4 (Gray, 16GB RAM, 512GB SSD) | 15.6"" Full HD Screen | Intel Core i5 1335U Processor | Windows 11 Home | MS Office 2021 | Fingerprint Reader | Intel Iris XE Graphics | RJ45 LAN Port","₹54,790",/Samsung-Processor-Windows-Fingerprint-Graphics/dp/B0D143SJ9R/ref=sr_1_37?crid=34VDZH1H46UCQ&dib=eyJ2IjoiMSJ9.DOdWy-rC6RiGF2cbWZAbDi20WAjSP66oXcgXpQKNKJp9sbuXi5i8cB-2PuBb_u38b0Ut6hvzYbAgnJhtI3CfSAtN5UTE3KgdBQl7UEVdriDSbSFsXbi46-Lxv00L4kiWgyFfL1qiE2_bRlOKjyPh2nkO_B2eUdE2VoS9MdI0zA6362xl-j5bfGGKEvzaOfXCdYqRUWB1uYqjRCFH1jzla4osrSywlHCRZ19nb-pFGj4.6c9V0B9O4QUMbs-Lfh8lRIMXYrPdpiOJrYFQR0GB1GI&dib_tag=se&keywords=laptop&qid=1744087486&sprefix=laptop%2Caps%2C593&sr=8-37
"HP 15s, AMD Ryzen 5 5500U, 8GB DDR4, 512GB SSD, (Win 11, Office 21, Silver, 1.69kg), Anti-Glare, 15.6-inch(39.6cm), FHD Laptop, AMD Radeon Graphics, HD Camera, Dual Speakers, eq2144AU","₹36,990",/HP-Anti-Glare-15-6-inch-Graphics-eq2144AU/dp/B09RZRF1PJ/ref=sr_1_46?crid=34VDZH1H46UCQ&dib=eyJ2IjoiMSJ9.DOdWy-rC6RiGF2cbWZAbDi20WAjSP66oXcgXpQKNKJp9sbuXi5i8cB-2PuBb_u38b0Ut6hvzYbAgnJhtI3CfSAtN5UTE3KgdBQl7UEVdriDSbSFsXbi46-Lxv00L4kiWgyFfL1qiE2_bRlOKjyPh2nkO_B2eUdE2VoS9MdI0zA6362xl-j5bfGGKEvzaOfXCdYqRUWB1uYqjRCFH1jzla4osrSywlHCRZ19nb-pFGj4.6c9V0B9O4QUMbs-Lfh8lRIMXYrPdpiOJrYFQR0GB1GI&dib_tag=se&keywords=laptop&qid=1744087486&sprefix=laptop%2Caps%2C593&sr=8-46
"ASUS Zenbook Duo,14"" 3K OLED, Touch Screen Laptop,Intel Core Ultra 9,(32GB RAM/1 TB SSD/Intel Arc iGPU/Windows 11/MS Office 365 Basic(1Year)*/Office Home 2024/Inkwell Gray/1.65 Kg),UX8406CA-PZ106WS","₹2,39,990",/sspa/click?ie=UTF8&spc=MTo0MjE1MDgwODYyNzcwMjQwOjE3NDQwODc0ODY6c3BfYnRmOjMwMDQ3OTYzMDY3OTAzMjo6MDo6&url=%2FASUS-Zenbook-Windows-Inkwell-UX8406CA-PZ106WS%2Fdp%2FB0DSHWRW9L%2Fref%3Dsr_1_53_sspa%3Fcrid%3D34VDZH1H46UCQ%26dib%3DeyJ2IjoiMSJ9.DOdWy-rC6RiGF2cbWZAbDi20WAjSP66oXcgXpQKNKJp9sbuXi5i8cB-2PuBb_u38b0Ut6hvzYbAgnJhtI3CfSAtN5UTE3KgdBQl7UEVdriDSbSFsXbi46-Lxv00L4kiWgyFfL1qiE2_bRlOKjyPh2nkO_B2eUdE2VoS9MdI0zA6362xl-j5bfGGKEvzaOfXCdYqRUWB1uYqjRCFH1jzla4osrSywlHCRZ19nb-pFGj4.6c9V0B9O4QUMbs-Lfh8lRIMXYrPdpiOJrYFQR0GB1GI%26dib_tag%3Dse%26keywords%3Dlaptop%26qid%3D1744087486%26sprefix%3Dlaptop%252Caps%252C593%26sr%3D8-53-spons%26sp_csd%3Dd2lkZ2V0TmFtZT1zcF9idGY%26psc%3D1
"Lenovo IdeaPad Slim 3, Intel Core i3-1305U, 13th Gen, 8GB RAM, 512GB SSD, FHD, 15.6""/39.6cm, Windows 11, MS Office 2021, Arctic Grey, 1.62Kg, 82X700C8IN, Alexa Built-in, 3 Month Game Pass Laptop","₹37,840",/sspa/click?ie=UTF8&spc=MTo0MjE1MDgwODYyNzcwMjQwOjE3NDQwODc0ODY6c3BfYXRmX25leHQ6MzAwNDU0NTA3OTI2ODMyOjowOjo&url=%2FLenovo-IdeaPad-i3-1305U-Windows-82X700C8IN%2Fdp%2FB0DR8NCVY1%2Fref%3Dsr_1_34_sspa%3Fcrid%3D34VDZH1H46UCQ%26dib%3DeyJ2IjoiMSJ9.DOdWy-rC6RiGF2cbWZAbDi20WAjSP66oXcgXpQKNKJp9sbuXi5i8cB-2PuBb_u38b0Ut6hvzYbAgnJhtI3CfSAtN5UTE3KgdBQl7UEVdriDSbSFsXbi46-Lxv00L4kiWgyFfL1qiE2_bRlOKjyPh2nkO_B2eUdE2VoS9MdI0zA6362xl-j5bfGGKEvzaOfXCdYqRUWB1uYqjRCFH1jzla4osrSywlHCRZ19nb-pFGj4.6c9V0B9O4QUMbs-Lfh8lRIMXYrPdpiOJrYFQR0GB1GI%26dib_tag%3Dse%26keywords%3Dlaptop%26qid%3D1744087486%26sprefix%3Dlaptop%252Caps%252C593%26sr%3D8-34-spons%26sp_csd%3Dd2lkZ2V0TmFtZT1zcF9hdGZfbmV4dA%26psc%3D1
ZORBES® Laptop Holder for Desk with Silicone to Protect Notebook Vertical Laptop Stand Holder with Sizes Adjustable Dual Slots Laptop Dock for iPad MacBook Stand 13 Inch Phone Stand Organizer Rack,₹889,/ZORBES%C2%AE-Vertical-MacBook-Organizer-Chromebook/dp/B0B3J4P93M/ref=sr_1_66?crid=34VDZH1H46UCQ&dib=eyJ2IjoiMSJ9.Rky3kBtVSeYnLRQPfeRRup43K4dF-Hk_MjTkXH9P1qdFyvB4T7zUoGC98BvCdupp65PU4J5aV7VBqPgDNPVFkFFbRjzNCqMann7YGgvYeFP8kGqC40ooWHf-774U1GDgkTQOrT2e1xf8ow-l3E2e466Udht4BD4eMtmBrCCxu3tKGN2ly7O-snJRDComIOMXbYR-CB1hAdwnagaizyL66kidbx3UFVtcJI6Cn-MvkXk.c6sCXB4FTyJkDgYPjkFX_E5BW82pjWhyH_7zFk6YH3Q&dib_tag=se&keywords=laptop&qid=1744087495&sprefix=laptop%2Caps%2C593&sr=8-66
"Apple 2025 MacBook Air (13-inch, Apple M4 chip with 10-core CPU and 8-core GPU, 16GB Unified Memory, 256GB) - Silver","₹99,900",/sspa/click?ie=UTF8&spc=MTo2OTc5NTM1ODM2NjM4MTcxOjE3NDQwODc0OTU6c3BfbXRmOjMwMDQ5OTQ1MzM0NzczMjo6MDo6&url=%2FApple-MacBook-13-inch-10-core-Unified%2Fdp%2FB0DZDX3JF4%2Fref%3Dsr_1_60_sspa%3Fcrid%3D34VDZH1H46UCQ%26dib%3DeyJ2IjoiMSJ9.Rky3kBtVSeYnLRQPfeRRup43K4dF-Hk_MjTkXH9P1qdFyvB4T7zUoGC98BvCdupp65PU4J5aV7VBqPgDNPVFkFFbRjzNCqMann7YGgvYeFP8kGqC40ooWHf-774U1GDgkTQOrT2e1xf8ow-l3E2e466Udht4BD4eMtmBrCCxu3tKGN2ly7O-snJRDComIOMXbYR-CB1hAdwnagaizyL66kidbx3UFVtcJI6Cn-MvkXk.c6sCXB4FTyJkDgYPjkFX_E5BW82pjWhyH_7zFk6YH3Q%26dib_tag%3Dse%26keywords%3Dlaptop%26qid%3D1744087495%26sprefix%3Dlaptop%252Caps%252C593%26sr%3D8-60-spons%26sp_csd%3Dd2lkZ2V0TmFtZT1zcF9tdGY%26psc%3D1
"HP 15, 13th Gen Intel Core i5-1334U, 16GB DDR4, 512GB SSD, (Win 11, Office 21, Silver, 1.59kg), Anti-Glare, 15.6-inch(39.6cm) FHD Laptop, Iris Xe Graphics, FHD Camera, Backlit KB, fd0316TU/fd0315TU","₹56,990",/HP-i5-1334U-Anti-glare-15-6-inch-Graphics/dp/B0D4LWYWF9/ref=sr_1_45?crid=34VDZH1H46UCQ&dib=eyJ2IjoiMSJ9.DOdWy-rC6RiGF2cbWZAbDi20WAjSP66oXcgXpQKNKJp9sbuXi5i8cB-2PuBb_u38b0Ut6hvzYbAgnJhtI3CfSAtN5UTE3KgdBQl7UEVdriDSbSFsXbi46-Lxv00L4kiWgyFfL1qiE2_bRlOKjyPh2nkO_B2eUdE2VoS9MdI0zA6362xl-j5bfGGKEvzaOfXCdYqRUWB1uYqjRCFH1jzla4osrSywlHCRZ19nb-pFGj4.6c9V0B9O4QUMbs-Lfh8lRIMXYrPdpiOJrYFQR0GB1GI&dib_tag=se&keywords=laptop&qid=1744087486&sprefix=laptop%2Caps%2C593&sr=8-45
"Dyazo Water Resistant Laptop Sleeve with Handle Compatible for 15 Inch to 15.6"" Inches laptops & Notebooks - Grey",₹299,/Dyazo-Resistant-Compatible-laptops-Notebooks/dp/B09BFV96TS/ref=sr_1_52?crid=34VDZH1H46UCQ&dib=eyJ2IjoiMSJ9.DOdWy-rC6RiGF2cbWZAbDi20WAjSP66oXcgXpQKNKJp9sbuXi5i8cB-2PuBb_u38b0Ut6hvzYbAgnJhtI3CfSAtN5UTE3KgdBQl7UEVdriDSbSFsXbi46-Lxv00L4kiWgyFfL1qiE2_bRlOKjyPh2nkO_B2eUdE2VoS9MdI0zA6362xl-j5bfGGKEvzaOfXCdYqRUWB1uYqjRCFH1jzla4osrSywlHCRZ19nb-pFGj4.6c9V0B9O4QUMbs-Lfh8lRIMXYrPdpiOJrYFQR0GB1GI&dib_tag=se&keywords=laptop&qid=1744087486&sprefix=laptop%2Caps%2C593&sr=8-52
"Chuwi HeroBook Pro 14.1'' Intel Celeron N4020 Laptop with 8GB RAM, 256GB SSD, Windows 11, 1TB Expand, FHD IPS, Ultra Slim, USB3.0, Mini-HDMI, Webcam","₹16,990",/Chuwi-HeroBook-Pro-Celeron-Mini-HDMI/dp/B0D9RXH8X5/ref=sr_1_10?crid=34VDZH1H46UCQ&dib=eyJ2IjoiMSJ9.rp98xcX_E_AwI1RL8qEmuw5HYdop-So7icMCLC2E4tSLgBEhDbsKKBeAdIoXKBvLS4xpzo6oCFxjykJs4dooniDMf0A9jhNIMa80m0tN9SruKRFawaL_bax3Sa0UgkV_1ZOvHf5ALisAx3GKZHv06DxBuAu4qjLB2YlA6qwd7wXpbVsVMl5wR4LZjXliZXCqPVnYgiX6N1FDpLCIvWKYQXZ1XgJ5g2g0caeUUX9q4SY.60ykO35tbRlzauGVhiB1uQ2t5y7_jb2ymNtNrccTVic&dib_tag=se&keywords=laptop&qid=1744087449&sprefix=laptop%2Caps%2C593&sr=8-10
"Apple MacBook Air Laptop: Apple M1 chip, 13.3-inch/33.74 cm Retina Display, 8GB RAM, 256GB SSD Storage, Backlit Keyboard, FaceTime HD Camera, Touch ID. Works with iPhone/iPad; Space Grey",N/A,/Apple-MacBook-Chip-13-inch-256GB/dp/B08N5W4NNB/ref=sr_1_36?crid=34VDZH1H46UCQ&dib=eyJ2IjoiMSJ9.DOdWy-rC6RiGF2cbWZAbDi20WAjSP66oXcgXpQKNKJp9sbuXi5i8cB-2PuBb_u38b0Ut6hvzYbAgnJhtI3CfSAtN5UTE3KgdBQl7UEVdriDSbSFsXbi46-Lxv00L4kiWgyFfL1qiE2_bRlOKjyPh2nkO_B2eUdE2VoS9MdI0zA6362xl-j5bfGGKEvzaOfXCdYqRUWB1uYqjRCFH1jzla4osrSywlHCRZ19nb-pFGj4.6c9V0B9O4QUMbs-Lfh8lRIMXYrPdpiOJrYFQR0GB1GI&dib_tag=se&keywords=laptop&qid=1744087486&sprefix=laptop%2Caps%2C593&sr=8-36
"ASUS Vivobook 15, Intel Core i3-1215U, 8GB RAM, 512GB SSD, FHD 16:9 60Hz 250nits, 15.6""/39.6cm, Windows 11 Home, Office 2021, Cool Silver, 1.7KG, X1504ZA-NJ320WS, Intel UHD Graphics, Backlit Laptop","₹32,990",/ASUS-Vivobook-IntelCore-Fingerprint-X1404ZA-NK321WS/dp/B0CCP9PH92/ref=sr_1_52?crid=34VDZH1H46UCQ&dib=eyJ2IjoiMSJ9.Rky3kBtVSeYnLRQPfeRRup43K4dF-Hk_MjTkXH9P1qdFyvB4T7zUoGC98BvCdupp65PU4J5aV7VBqPgDNPVFkFFbRjzNCqMann7YGgvYeFP8kGqC40ooWHf-774U1GDgkTQOrT2e1xf8ow-l3E2e466Udht4BD4eMtmBrCCxu3tKGN2ly7O-snJRDComIOMXbYR-CB1hAdwnagaizyL66kidbx3UFVtcJI6Cn-MvkXk.c6sCXB4FTyJkDgYPjkFX_E5BW82pjWhyH_7zFk6YH3Q&dib_tag=se&keywords=laptop&qid=1744087495&sprefix=laptop%2Caps%2C593&sr=8-52
"Lenovo LOQ 2024, AMD Ryzen 7 7435HS, NVIDIA RTX 4060-8GB, 24GB RAM, 512GB SSD, 15.6""/39.6cm, Windows 11, MS Office Home 2024, Grey, 2.4Kg, 83JC00EHIN, 100% sRGB, 3 Mon. Game Pass Gaming Laptop","₹91,130",/Lenovo-7435HS-4060-8GB-Windows-83JC00EHIN/dp/B0DPQJZ3JR/ref=sr_1_49?crid=34VDZH1H46UCQ&dib=eyJ2IjoiMSJ9.DOdWy-rC6RiGF2cbWZAbDi20WAjSP66oXcgXpQKNKJp9sbuXi5i8cB-2PuBb_u38b0Ut6hvzYbAgnJhtI3CfSAtN5UTE3KgdBQl7UEVdriDSbSFsXbi46-Lxv00L4kiWgyFfL1qiE2_bRlOKjyPh2nkO_B2eUdE2VoS9MdI0zA6362xl-j5bfGGKEvzaOfXCdYqRUWB1uYqjRCFH1jzla4osrSywlHCRZ19nb-pFGj4.6c9V0B9O4QUMbs-Lfh8lRIMXYrPdpiOJrYFQR0GB1GI&dib_tag=se&keywords=laptop&qid=1744087486&sprefix=laptop%2Caps%2C593&sr=8-49
"Acer Aspire 3 Laptop Intel Core Celeron N4500 Processor Laptop (8 GB LPDDR4X SDRAM/256 GB SSD/Win11 Home/38 WHR/HD Webcam) A325-45 with 39.63 cm (15.6"") HD Display, Pure Silver, 1.5 KG","₹22,990",/Acer-Celeron-Processor-LPDDR4X-A325-45/dp/B0D7PTFFZH/ref=sr_1_21?crid=34VDZH1H46UCQ&dib=eyJ2IjoiMSJ9.qfQtqLtC5P9d79LA-qX4OnGyL-ol9CLh65VUzVorGbWGeTCgkjSBnc92vVs_mbO0CmLrCfyGO5KzNjfSEZtowGDdSzSF5TM8jDrPCTRuO_kQJJBN-Drj6e6cjYcO29_ATFUUSmt4TL0_pdDMT5xFDDipTegwPkZCQp4zE7hVOxvGu3l-a2sUwsHCr2-S7nlc6NqCtHDjmcNZt7mJIwUjXexEOe7SMI-5RoTfisSeQFg.1AHpmwkLrNG69YS6y88Dbxn37GVR8wyo-lKtfWO5UIQ&dib_tag=se&keywords=laptop&qid=1744087470&sprefix=laptop%2Caps%2C593&sr=8-21
"Lenovo Ideapad 1 AMD Ryzen 5 5625U (16GB RAM/512GB SSD/Windows 11/Office Home 2024/15.6 Inch (39.6Cm)/FHD IPS Display/3Months Game Pass/Arctic Grey/1.6Kg), 82R4010DIN Laptop","₹40,990",/sspa/click?ie=UTF8&spc=MTo4NzI1Mzg2OTgyNTk0ODU5OjE3NDQwODc0NzA6c3Bfc2VhcmNoX3RoZW1hdGljOjMwMDUyNTIxNjM4ODkzMjo6Mzo6&url=%2FLenovo-Ideapad-Windows-Display-82R4010DIN%2Fdp%2FB0DT3SBQM7%2Fref%3Dsxin_13_pa_sp_search_thematic_sspa%3Fcontent-id%3Damzn1.sym.59126330-c308-4c36-a5a0-21cac002681f%253Aamzn1.sym.59126330-c308-4c36-a5a0-21cac002681f%26crid%3D34VDZH1H46UCQ%26cv_ct_cx%3Dlaptop%26keywords%3Dlaptop%26pd_rd_i%3DB0DT3SBQM7%26pd_rd_r%3D90dbb0c0-c8c4-4e36-a355-f15417d25fd2%26pd_rd_w%3DQBoPY%26pd_rd_wg%3DW0Azq%26pf_rd_p%3D59126330-c308-4c36-a5a0-21cac002681f%26pf_rd_r%3DGMFJEB9N19BB3EWD8Z29%26qid%3D1744087470%26sbo%3DRZvfv%252F%252FHxDF%252BO5021pAnSA%253D%253D%26sprefix%3Dlaptop%252Caps%252C593%26sr%3D1-20-2ec22325-1003-449d-8aaf-c0bcc24717ae-spons%26sp_csd%3Dd2lkZ2V0TmFtZT1zcF9zZWFyY2hfdGhlbWF0aWM%26psc%3D1
"Samsung Galaxy Book4 (Silver, 16GB RAM, 512GB SSD) | 15.6"" Full HD Screen | Intel Core 5 120U Processor | Windows 11 Home | MS Office 2021 | Fingerprint Reader | Intel Iris XE Graphics | RJ45 LAN Port","₹58,990",/Samsung-Processor-Windows-Fingerprint-Graphics/dp/B0CX4Y81W8/ref=sr_1_39?crid=34VDZH1H46UCQ&dib=eyJ2IjoiMSJ9.DOdWy-rC6RiGF2cbWZAbDi20WAjSP66oXcgXpQKNKJp9sbuXi5i8cB-2PuBb_u38b0Ut6hvzYbAgnJhtI3CfSAtN5UTE3KgdBQl7UEVdriDSbSFsXbi46-Lxv00L4kiWgyFfL1qiE2_bRlOKjyPh2nkO_B2eUdE2VoS9MdI0zA6362xl-j5bfGGKEvzaOfXCdYqRUWB1uYqjRCFH1jzla4osrSywlHCRZ19nb-pFGj4.6c9V0B9O4QUMbs-Lfh8lRIMXYrPdpiOJrYFQR0GB1GI&dib_tag=se&keywords=laptop&qid=1744087486&sprefix=laptop%2Caps%2C593&sr=8-39
"Lenovo V15 AMD Ryzen 7 7730U 15.6"" (39.62cm) FHD 250 Nits Antiglare Thin and Light Laptop (Free MS Office) Lifetime (16GB/512GB SSD/Windows 11/Iron Grey/1.65 Kg) 1 Year Brand Warranty, 83CRA01SIN","₹42,990",/Lenovo-V15-Antiglare-Lifetime-83CRA01SIN/dp/B0DDY1HWZL/ref=sr_1_8?crid=34VDZH1H46UCQ&dib=eyJ2IjoiMSJ9.rp98xcX_E_AwI1RL8qEmuw5HYdop-So7icMCLC2E4tSLgBEhDbsKKBeAdIoXKBvLS4xpzo6oCFxjykJs4dooniDMf0A9jhNIMa80m0tN9SruKRFawaL_bax3Sa0UgkV_1ZOvHf5ALisAx3GKZHv06DxBuAu4qjLB2YlA6qwd7wXpbVsVMl5wR4LZjXliZXCqPVnYgiX6N1FDpLCIvWKYQXZ1XgJ5g2g0caeUUX9q4SY.60ykO35tbRlzauGVhiB1uQ2t5y7_jb2ymNtNrccTVic&dib_tag=se&keywords=laptop&qid=1744087449&sprefix=laptop%2Caps%2C593&sr=8-8
"Dyazo Water Resistant Laptop Sleeve/Case Cover for 15 Inches,15.6 Inch Laptops & Notebook (Black)",₹299,/Dyazo-Resistant-Laptop-Laptops-Notebook/dp/B09BFW41H4/ref=sr_1_64?crid=34VDZH1H46UCQ&dib=eyJ2IjoiMSJ9.Rky3kBtVSeYnLRQPfeRRup43K4dF-Hk_MjTkXH9P1qdFyvB4T7zUoGC98BvCdupp65PU4J5aV7VBqPgDNPVFkFFbRjzNCqMann7YGgvYeFP8kGqC40ooWHf-774U1GDgkTQOrT2e1xf8ow-l3E2e466Udht4BD4eMtmBrCCxu3tKGN2ly7O-snJRDComIOMXbYR-CB1hAdwnagaizyL66kidbx3UFVtcJI6Cn-MvkXk.c6sCXB4FTyJkDgYPjkFX_E5BW82pjWhyH_7zFk6YH3Q&dib_tag=se&keywords=laptop&qid=1744087495&sprefix=laptop%2Caps%2C593&sr=8-64
"ASUS Vivobook 16, 16"" FHD+(1920 x 1200),Intel Core Ultra 5 Processor,(16GB RAM/512GB SSD/Integrated Graphics/Windows 11/MS Office 365 Basic(1Year)*/Office Home 2024/Quiet Blue/1.88 Kg),X1607CA-MB139WS","₹75,990",/sspa/click?ie=UTF8&spc=MTo2OTc5NTM1ODM2NjM4MTcxOjE3NDQwODc0OTU6c3BfYXRmX25leHQ6MzAwNDc5NjMwNjc3ODMyOjowOjo&url=%2FASUS-Vivobook-Processor-Integrated-X1607CA-MB139WS%2Fdp%2FB0DSHVJPC9%2Fref%3Dsr_1_50_sspa%3Fcrid%3D34VDZH1H46UCQ%26dib%3DeyJ2IjoiMSJ9.Rky3kBtVSeYnLRQPfeRRup43K4dF-Hk_MjTkXH9P1qdFyvB4T7zUoGC98BvCdupp65PU4J5aV7VBqPgDNPVFkFFbRjzNCqMann7YGgvYeFP8kGqC40ooWHf-774U1GDgkTQOrT2e1xf8ow-l3E2e466Udht4BD4eMtmBrCCxu3tKGN2ly7O-snJRDComIOMXbYR-CB1hAdwnagaizyL66kidbx3UFVtcJI6Cn-MvkXk.c6sCXB4FTyJkDgYPjkFX_E5BW82pjWhyH_7zFk6YH3Q%26dib_tag%3Dse%26keywords%3Dlaptop%26qid%3D1744087495%26sprefix%3Dlaptop%252Caps%252C593%26sr%3D8-50-spons%26sp_csd%3Dd2lkZ2V0TmFtZT1zcF9hdGZfbmV4dA%26psc%3D1
"Zebronics NC5500D Powerful Laptop Cooler with Dual 125mm Fans, Silent Operation, Adjustable Fan Speed, Display, Controls, USB, 5 Step Retractable Stand and Mobile Holder",₹699,/Zebronics-Powerful-Operation-Adjustable-Retractable/dp/B0C663VVP1/ref=sr_1_54?crid=34VDZH1H46UCQ&dib=eyJ2IjoiMSJ9.Rky3kBtVSeYnLRQPfeRRup43K4dF-Hk_MjTkXH9P1qdFyvB4T7zUoGC98BvCdupp65PU4J5aV7VBqPgDNPVFkFFbRjzNCqMann7YGgvYeFP8kGqC40ooWHf-774U1GDgkTQOrT2e1xf8ow-l3E2e466Udht4BD4eMtmBrCCxu3tKGN2ly7O-snJRDComIOMXbYR-CB1hAdwnagaizyL66kidbx3UFVtcJI6Cn-MvkXk.c6sCXB4FTyJkDgYPjkFX_E5BW82pjWhyH_7zFk6YH3Q&dib_tag=se&keywords=laptop&qid=1744087495&sprefix=laptop%2Caps%2C593&sr=8-54
"Lenovo Yoga Slim 7 Aura Edition, Intel Core Ultra 7 258V, 32GB RAM, 1TB SSD, 15""/38.86cm, Windows 11, MS Office Home 2024, Grey, 1.53Kg, 83HM004NIN, Copilot+ PC AI Powered Laptop","₹1,47,990",/sspa/click?ie=UTF8&spc=MTo4MjQxNzU0ODcwMTgzODI5OjE3NDQwODc0NDk6c3Bfc2VhcmNoX3RoZW1hdGljOjMwMDUyNTI3NjY0NTQzMjo6NDo6&url=%2FLenovo-38-86cm-Windows-83HM004NIN-Copilot%2Fdp%2FB0DP6RBVSK%2Fref%3Dsxin_12_pa_sp_search_thematic_sspa%3Fcontent-id%3Damzn1.sym.70fd741c-68a9-470a-9805-115e3115104d%253Aamzn1.sym.70fd741c-68a9-470a-9805-115e3115104d%26crid%3D34VDZH1H46UCQ%26cv_ct_cx%3Dlaptop%26keywords%3Dlaptop%26pd_rd_i%3DB0DP6RBVSK%26pd_rd_r%3Dae85487d-7fae-49b4-9c0a-24a4669d028c%26pd_rd_w%3DYOP0q%26pd_rd_wg%3D5mQZ8%26pf_rd_p%3D70fd741c-68a9-470a-9805-115e3115104d%26pf_rd_r%3D0JSZNJVW9R9XVC401GE4%26qid%3D1744087449%26sbo%3DRZvfv%252F%252FHxDF%252BO5021pAnSA%253D%253D%26sprefix%3Dlaptop%252Caps%252C593%26sr%3D1-5-66673dcf-083f-43ba-b782-d4a436cc5cfb-spons%26sp_csd%3Dd2lkZ2V0TmFtZT1zcF9zZWFyY2hfdGhlbWF0aWM%26psc%3D1
"
Lenovo IdeaPad Slim 3 Core i5 13420H (16GB RAM/512GB
                    SSD/15.6"" (39.6cm)/Integrated Intel UHD Graphics/Windows
                    11/Office Home 2024/1 Year ADP Free/Grey/1.6Kg), 83EM00H0IN
                    Laptop
","₹57,890",/sspa/click?ie=UTF8&spc=MTo2MjU3OTA2OTA0NjgwNDQ3OjE3NDQwODc0NDk6c3BfYXRmOjMwMDQ2MTI5MDk3MzYzMjo6MDo6&url=%2FLenovo-IdeaPad-Integrated-Graphics-83EM00H0IN%2Fdp%2FB0DPWRX9V6%2Fref%3Dsr_1_2_sspa%3Fcrid%3D34VDZH1H46UCQ%26dib%3DeyJ2IjoiMSJ9.rp98xcX_E_AwI1RL8qEmuw5HYdop-So7icMCLC2E4tSLgBEhDbsKKBeAdIoXKBvLS4xpzo6oCFxjykJs4dooniDMf0A9jhNIMa80m0tN9SruKRFawaL_bax3Sa0UgkV_1ZOvHf5ALisAx3GKZHv06DxBuAu4qjLB2YlA6qwd7wXpbVsVMl5wR4LZjXliZXCqPVnYgiX6N1FDpLCIvWKYQXZ1XgJ5g2g0caeUUX9q4SY.60ykO35tbRlzauGVhiB1uQ2t5y7_jb2ymNtNrccTVic%26dib_tag%3Dse%26keywords%3Dlaptop%26qid%3D1744087449%26sprefix%3Dlaptop%252Caps%252C593%26sr%3D8-2-spons%26sp_csd%3Dd2lkZ2V0TmFtZT1zcF9hdGY%26psc%3D1
"Lenovo IdeaPad Slim 3 Core i5 13420H (16GB RAM/512GB SSD/15.6"" (39.6cm)/Integrated Intel UHD Graphics/Windows 11/Office Home 2024/1 Year ADP Free/Grey/1.6Kg), 83EM00H0IN Laptop","₹57,890",/sspa/click?ie=UTF8&spc=MTo4MjQxNzU0ODcwMTgzODI5OjE3NDQwODc0NDk6c3Bfc2VhcmNoX3RoZW1hdGljOjMwMDQ2MTI5MDk3MzYzMjo6MTo6&url=%2FLenovo-IdeaPad-Integrated-Graphics-83EM00H0IN%2Fdp%2FB0DPWRX9V6%2Fref%3Dsxin_12_pa_sp_search_thematic_sspa%3Fcontent-id%3Damzn1.sym.70fd741c-68a9-470a-9805-115e3115104d%253Aamzn1.sym.70fd741c-68a9-470a-9805-115e3115104d%26crid%3D34VDZH1H46UCQ%26cv_ct_cx%3Dlaptop%26keywords%3Dlaptop%26pd_rd_i%3DB0DPWRX9V6%26pd_rd_r%3Dae85487d-7fae-49b4-9c0a-24a4669d028c%26pd_rd_w%3DYOP0q%26pd_rd_wg%3D5mQZ8%26pf_rd_p%3D70fd741c-68a9-470a-9805-115e3115104d%26pf_rd_r%3D0JSZNJVW9R9XVC401GE4%26qid%3D1744087449%26sbo%3DRZvfv%252F%252FHxDF%252BO5021pAnSA%253D%253D%26sprefix%3Dlaptop%252Caps%252C593%26sr%3D1-2-66673dcf-083f-43ba-b782-d4a436cc5cfb-spons%26sp_csd%3Dd2lkZ2V0TmFtZT1zcF9zZWFyY2hfdGhlbWF0aWM%26psc%3D1
"
Dell Inspiron 16 Plus Laptop with AI Enabled Intel Evo Powered
              Core Ultra 5 125H, 16GB LPDDR5, 512GB SSD, Intel Arc Graphics, 16""
              (40.64cm) FHD+ NT 300 nits Display, Backlit KB + FPR, Ice Blue,
              1.90kg
","₹1,00,290",/sspa/click?ie=UTF8&spc=MTo4MjQxNzU0ODcwMTgzODI5OjE3NDQwODc0NDk6c3Bfc2VhcmNoX3RoZW1hdGljOjMwMDQ5OTkxNDk1ODYzMjo6MDo6&url=%2FDell-Inspiron-Enabled-Powered-Graphics%2Fdp%2FB0DB24H9ZJ%2Fref%3Dsxin_12_pa_sp_search_thematic_sspa%3Fcontent-id%3Damzn1.sym.70fd741c-68a9-470a-9805-115e3115104d%253Aamzn1.sym.70fd741c-68a9-470a-9805-115e3115104d%26crid%3D34VDZH1H46UCQ%26cv_ct_cx%3Dlaptop%26keywords%3Dlaptop%26pd_rd_i%3DB0DB24H9ZJ%26pd_rd_r%3Dae85487d-7fae-49b4-9c0a-24a4669d028c%26pd_rd_w%3DYOP0q%26pd_rd_wg%3D5mQZ8%26pf_rd_p%3D70fd741c-68a9-470a-9805-115e3115104d%26pf_rd_r%3D0JSZNJVW9R9XVC401GE4%26qid%3D1744087449%26sbo%3DRZvfv%252F%252FHxDF%252BO5021pAnSA%253D%253D%26sprefix%3Dlaptop%252Caps%252C593%26sr%3D1-1-66673dcf-083f-43ba-b782-d4a436cc5cfb-spons%26sp_csd%3Dd2lkZ2V0TmFtZT1zcF9zZWFyY2hfdGhlbWF0aWM%26psc%3D1
"ASUS Zenbook 14, 14"" 3K (2880 x 1800) OLED, Touch Screen, Intel Core Ultra 5,(16GB RAM/1 TB/Intel Arc iGPU/Windows 11/MS Office 365 Basic(1Year)*/Office Home 2024/Ponder Blue/1.28 Kg),UX3405CA-PZ162WS","₹1,10,280",/sspa/click?ie=UTF8&spc=MTo2OTc5NTM1ODM2NjM4MTcxOjE3NDQwODc0OTU6c3BfbXRmOjMwMDQ3OTYzMDY3ODUzMjo6MDo6&url=%2FASUS-Zenbook-Screen-Windows-UX3405CA-PZ162WS%2Fdp%2FB0DSHTHR67%2Fref%3Dsr_1_59_sspa%3Fcrid%3D34VDZH1H46UCQ%26dib%3DeyJ2IjoiMSJ9.Rky3kBtVSeYnLRQPfeRRup43K4dF-Hk_MjTkXH9P1qdFyvB4T7zUoGC98BvCdupp65PU4J5aV7VBqPgDNPVFkFFbRjzNCqMann7YGgvYeFP8kGqC40ooWHf-774U1GDgkTQOrT2e1xf8ow-l3E2e466Udht4BD4eMtmBrCCxu3tKGN2ly7O-snJRDComIOMXbYR-CB1hAdwnagaizyL66kidbx3UFVtcJI6Cn-MvkXk.c6sCXB4FTyJkDgYPjkFX_E5BW82pjWhyH_7zFk6YH3Q%26dib_tag%3Dse%26keywords%3Dlaptop%26qid%3D1744087495%26sprefix%3Dlaptop%252Caps%252C593%26sr%3D8-59-spons%26sp_csd%3Dd2lkZ2V0TmFtZT1zcF9tdGY%26psc%3D1
"Acer One 11 Intel Celeron N4500 (Windows 11 Home/ 8 GB/ 256 GB SSD) 29.64 cm (11.6"") Anti Glare HD Laptop, Z8-284, 1.1 KG, Deep Blue","₹17,990",/Acer-Celeron-Windows-Laptop-Z8-284/dp/B0CHRNQBCR/ref=sr_1_14?crid=34VDZH1H46UCQ&dib=eyJ2IjoiMSJ9.rp98xcX_E_AwI1RL8qEmuw5HYdop-So7icMCLC2E4tSLgBEhDbsKKBeAdIoXKBvLS4xpzo6oCFxjykJs4dooniDMf0A9jhNIMa80m0tN9SruKRFawaL_bax3Sa0UgkV_1ZOvHf5ALisAx3GKZHv06DxBuAu4qjLB2YlA6qwd7wXpbVsVMl5wR4LZjXliZXCqPVnYgiX6N1FDpLCIvWKYQXZ1XgJ5g2g0caeUUX9q4SY.60ykO35tbRlzauGVhiB1uQ2t5y7_jb2ymNtNrccTVic&dib_tag=se&keywords=laptop&qid=1744087449&sprefix=laptop%2Caps%2C593&sr=8-14
"MagicRaven Portable Monitor, 15.6"" 1920 * 1080P IPS Laptop Screen, 60Hz Lightweight and Slim Travel Monitor with Full-Featured USB C HDMI Port, Gaming Display for PC Switch Xbox PS3/4/5","₹10,999",/MagicRaven-Portable-Lightweight-Computer-Speakers/dp/B0D841Z2XP/ref=sr_1_65?crid=34VDZH1H46UCQ&dib=eyJ2IjoiMSJ9.Rky3kBtVSeYnLRQPfeRRup43K4dF-Hk_MjTkXH9P1qdFyvB4T7zUoGC98BvCdupp65PU4J5aV7VBqPgDNPVFkFFbRjzNCqMann7YGgvYeFP8kGqC40ooWHf-774U1GDgkTQOrT2e1xf8ow-l3E2e466Udht4BD4eMtmBrCCxu3tKGN2ly7O-snJRDComIOMXbYR-CB1hAdwnagaizyL66kidbx3UFVtcJI6Cn-MvkXk.c6sCXB4FTyJkDgYPjkFX_E5BW82pjWhyH_7zFk6YH3Q&dib_tag=se&keywords=laptop&qid=1744087495&sprefix=laptop%2Caps%2C593&sr=8-65
"HP 15s, 12th Gen Intel Core i5-1235U, 8GB DDR4, 512GB SSD, (Win 11, Office 21, Silver, 1.69kg), FY5008TU Anti-Glare, 15.6-inch(39.6cm), FHD Laptop, Intel UHD Graphics, Backlit KB, HD Camera, fq5329tu","₹43,990",/HP-i5-1235U-FY5008TU-Anti-Glare-15-6-inch/dp/B0CJM5Z6FY/ref=sr_1_47?crid=34VDZH1H46UCQ&dib=eyJ2IjoiMSJ9.DOdWy-rC6RiGF2cbWZAbDi20WAjSP66oXcgXpQKNKJp9sbuXi5i8cB-2PuBb_u38b0Ut6hvzYbAgnJhtI3CfSAtN5UTE3KgdBQl7UEVdriDSbSFsXbi46-Lxv00L4kiWgyFfL1qiE2_bRlOKjyPh2nkO_B2eUdE2VoS9MdI0zA6362xl-j5bfGGKEvzaOfXCdYqRUWB1uYqjRCFH1jzla4osrSywlHCRZ19nb-pFGj4.6c9V0B9O4QUMbs-Lfh8lRIMXYrPdpiOJrYFQR0GB1GI&dib_tag=se&keywords=laptop&qid=1744087486&sprefix=laptop%2Caps%2C593&sr=8-47
"FUTOPIA Ultimus PRO Intel Dual Core ~2.4GHz (4 GB/128 GB EMMC Storage/Windows 11 Home) NU14U3CNC43BN-MB Thin and Light Laptop (14 Inch, Gray, 1.2 kg)","₹11,990",/sspa/click?ie=UTF8&spc=MTo3MzIxMTkzNTc4MjM2MTkyOjE3NDQwODc0NzA6c3BfYXRmX25leHQ6MzAwNDU4OTA3OTEyMjMyOjowOjo&url=%2FFUTOPIA-Ultimus-2-4GHz-Storage-NU14U3CNC43BN-MB%2Fdp%2FB0D98DS8ZR%2Fref%3Dsr_1_17_sspa%3Fcrid%3D34VDZH1H46UCQ%26dib%3DeyJ2IjoiMSJ9.qfQtqLtC5P9d79LA-qX4OnGyL-ol9CLh65VUzVorGbWGeTCgkjSBnc92vVs_mbO0CmLrCfyGO5KzNjfSEZtowGDdSzSF5TM8jDrPCTRuO_kQJJBN-Drj6e6cjYcO29_ATFUUSmt4TL0_pdDMT5xFDDipTegwPkZCQp4zE7hVOxvGu3l-a2sUwsHCr2-S7nlc6NqCtHDjmcNZt7mJIwUjXexEOe7SMI-5RoTfisSeQFg.1AHpmwkLrNG69YS6y88Dbxn37GVR8wyo-lKtfWO5UIQ%26dib_tag%3Dse%26keywords%3Dlaptop%26qid%3D1744087470%26sprefix%3Dlaptop%252Caps%252C593%26sr%3D8-17-spons%26sp_csd%3Dd2lkZ2V0TmFtZT1zcF9hdGZfbmV4dA%26psc%3D1
"HP 14 AI Laptop, Intel Core Ultra 5 125H,12 Tops,16GB DDR5, 512GB SSD, (Win 11, Silver, 1.4 kg) Anti-Glare,14-inch (35.6 cm), FHD, Intel Arc Graphics, FHD Camera, Backlit KB, gr1022TU","₹67,990",/sspa/click?ie=UTF8&spc=MTo0MjE1MDgwODYyNzcwMjQwOjE3NDQwODc0ODY6c3BfYXRmX25leHQ6MzAwNDU2MTc4MTIwODMyOjowOjo&url=%2FHP-14-inch-Graphics-Privacy-gr1022TU%2Fdp%2FB0D8J8H131%2Fref%3Dsr_1_33_sspa%3Fcrid%3D34VDZH1H46UCQ%26dib%3DeyJ2IjoiMSJ9.DOdWy-rC6RiGF2cbWZAbDi20WAjSP66oXcgXpQKNKJp9sbuXi5i8cB-2PuBb_u38b0Ut6hvzYbAgnJhtI3CfSAtN5UTE3KgdBQl7UEVdriDSbSFsXbi46-Lxv00L4kiWgyFfL1qiE2_bRlOKjyPh2nkO_B2eUdE2VoS9MdI0zA6362xl-j5bfGGKEvzaOfXCdYqRUWB1uYqjRCFH1jzla4osrSywlHCRZ19nb-pFGj4.6c9V0B9O4QUMbs-Lfh8lRIMXYrPdpiOJrYFQR0GB1GI%26dib_tag%3Dse%26keywords%3Dlaptop%26qid%3D1744087486%26sprefix%3Dlaptop%252Caps%252C593%26sr%3D8-33-spons%26sp_csd%3Dd2lkZ2V0TmFtZT1zcF9hdGZfbmV4dA%26psc%3D1
"HP 15s, Intel Core i3-1215, 8GB DDR4, 512GB SSD, 15.6-inch (39.6cm), Anti-Glare, FHD Laptop, Intel UHD Graphics, HD Camera, Dual Speakers (Win 11, Office 21, Silver, 1.69kg) fy5003TU","₹33,240",/HP-i3-1215U-Graphics-Numeric-15s-fy5003TU/dp/B0C3D81MJG/ref=sr_1_42?crid=34VDZH1H46UCQ&dib=eyJ2IjoiMSJ9.DOdWy-rC6RiGF2cbWZAbDi20WAjSP66oXcgXpQKNKJp9sbuXi5i8cB-2PuBb_u38b0Ut6hvzYbAgnJhtI3CfSAtN5UTE3KgdBQl7UEVdriDSbSFsXbi46-Lxv00L4kiWgyFfL1qiE2_bRlOKjyPh2nkO_B2eUdE2VoS9MdI0zA6362xl-j5bfGGKEvzaOfXCdYqRUWB1uYqjRCFH1jzla4osrSywlHCRZ19nb-pFGj4.6c9V0B9O4QUMbs-Lfh8lRIMXYrPdpiOJrYFQR0GB1GI&dib_tag=se&keywords=laptop&qid=1744087486&sprefix=laptop%2Caps%2C593&sr=8-42
"Acer ALG Intel Core i5-13th Gen 13420H Processor, NVIDIA GeForce RTX 3050-6GB DDR6(16 GB RAM/512GB SSD) FHD, 15.6""/39.62cm, 144Hz,Windows 11 Home, Steel Gray, 1.99kg, AL15G-53, Gaming Laptop","₹63,999",/Acer-i5-13th-Processor-3050-6GB-AL15G-53/dp/B0DXVGVNKN/ref=sr_1_6?crid=34VDZH1H46UCQ&dib=eyJ2IjoiMSJ9.rp98xcX_E_AwI1RL8qEmuw5HYdop-So7icMCLC2E4tSLgBEhDbsKKBeAdIoXKBvLS4xpzo6oCFxjykJs4dooniDMf0A9jhNIMa80m0tN9SruKRFawaL_bax3Sa0UgkV_1ZOvHf5ALisAx3GKZHv06DxBuAu4qjLB2YlA6qwd7wXpbVsVMl5wR4LZjXliZXCqPVnYgiX6N1FDpLCIvWKYQXZ1XgJ5g2g0caeUUX9q4SY.60ykO35tbRlzauGVhiB1uQ2t5y7_jb2ymNtNrccTVic&dib_tag=se&keywords=laptop&qid=1744087449&sprefix=laptop%2Caps%2C593&sr=8-6
"MSI Thin 15, Intel Core i5-13420H, 40CM FHD 144Hz Gaming Laptop(8GB/512GB NVMe SSD/Windows 11 Home/NVIDIA GeForce RTX 2050,GDDR6 4GB /Cosmos Gray/1.86Kg), B13UCX-1808IN","₹52,990",/sspa/click?ie=UTF8&spc=MTo0MjE1MDgwODYyNzcwMjQwOjE3NDQwODc0ODY6c3BfYnRmOjMwMDQ3ODUzNTY4NTEzMjo6MDo6&url=%2FMSI-i5-13420H-Windows-GeForce-B13UCX-1808IN%2Fdp%2FB0CV9JXPB5%2Fref%3Dsr_1_54_sspa%3Fcrid%3D34VDZH1H46UCQ%26dib%3DeyJ2IjoiMSJ9.DOdWy-rC6RiGF2cbWZAbDi20WAjSP66oXcgXpQKNKJp9sbuXi5i8cB-2PuBb_u38b0Ut6hvzYbAgnJhtI3CfSAtN5UTE3KgdBQl7UEVdriDSbSFsXbi46-Lxv00L4kiWgyFfL1qiE2_bRlOKjyPh2nkO_B2eUdE2VoS9MdI0zA6362xl-j5bfGGKEvzaOfXCdYqRUWB1uYqjRCFH1jzla4osrSywlHCRZ19nb-pFGj4.6c9V0B9O4QUMbs-Lfh8lRIMXYrPdpiOJrYFQR0GB1GI%26dib_tag%3Dse%26keywords%3Dlaptop%26qid%3D1744087486%26sprefix%3Dlaptop%252Caps%252C593%26sr%3D8-54-spons%26sp_csd%3Dd2lkZ2V0TmFtZT1zcF9idGY%26psc%3D1
"Lenovo V15 G4 AMD Athlon Silver 7120U Laptop 8GB LPDDR5 Ram, 512 GB SSD PCIe, Windows 11/MS Office,15.6"" FHD Screen, AMD Radeon 610M, Silver, 1 Year Brand Warranty","₹24,990",/Lenovo-Athlon-Laptop-Windows-Warranty/dp/B0872G2MPV/ref=sr_1_19?crid=34VDZH1H46UCQ&dib=eyJ2IjoiMSJ9.rp98xcX_E_AwI1RL8qEmuw5HYdop-So7icMCLC2E4tSLgBEhDbsKKBeAdIoXKBvLS4xpzo6oCFxjykJs4dooniDMf0A9jhNIMa80m0tN9SruKRFawaL_bax3Sa0UgkV_1ZOvHf5ALisAx3GKZHv06DxBuAu4qjLB2YlA6qwd7wXpbVsVMl5wR4LZjXliZXCqPVnYgiX6N1FDpLCIvWKYQXZ1XgJ5g2g0caeUUX9q4SY.60ykO35tbRlzauGVhiB1uQ2t5y7_jb2ymNtNrccTVic&dib_tag=se&keywords=laptop&qid=1744087449&sprefix=laptop%2Caps%2C593&sr=8-19
"Lenovo Legion Pro 7 Intel Core i9-14900HX 16"" (40.6cm) WQXGA IPS 500Nits 240Hz Gaming Laptop (32GB/1TB SSD/Win 11/Office 21/NVIDIA RTX 4090 16GB/100% DCI-P3/3mon Xbox Game Pass/Black/2.6Kg),83DE001JIN","₹3,19,990",/Lenovo-Legion-i9-14900HX-500Nits-83DE001JIN/dp/B0CXPXBHDH/ref=sr_1_48?crid=34VDZH1H46UCQ&dib=eyJ2IjoiMSJ9.DOdWy-rC6RiGF2cbWZAbDi20WAjSP66oXcgXpQKNKJp9sbuXi5i8cB-2PuBb_u38b0Ut6hvzYbAgnJhtI3CfSAtN5UTE3KgdBQl7UEVdriDSbSFsXbi46-Lxv00L4kiWgyFfL1qiE2_bRlOKjyPh2nkO_B2eUdE2VoS9MdI0zA6362xl-j5bfGGKEvzaOfXCdYqRUWB1uYqjRCFH1jzla4osrSywlHCRZ19nb-pFGj4.6c9V0B9O4QUMbs-Lfh8lRIMXYrPdpiOJrYFQR0GB1GI&dib_tag=se&keywords=laptop&qid=1744087486&sprefix=laptop%2Caps%2C593&sr=8-48
"Acer Aspire 3, Intel Celeron N4500 Processor(8GBRAM /512GB SSD) HD, 15.6""/39.62cm, Windows 11 Home, Pure Silver, 1.5KG, A325-45 Thin and Light Laptop","₹23,990",/Acer-Celeron-Processor-LPDDR4X-A325-45/dp/B0D7PYTTGH/ref=sr_1_13?crid=34VDZH1H46UCQ&dib=eyJ2IjoiMSJ9.rp98xcX_E_AwI1RL8qEmuw5HYdop-So7icMCLC2E4tSLgBEhDbsKKBeAdIoXKBvLS4xpzo6oCFxjykJs4dooniDMf0A9jhNIMa80m0tN9SruKRFawaL_bax3Sa0UgkV_1ZOvHf5ALisAx3GKZHv06DxBuAu4qjLB2YlA6qwd7wXpbVsVMl5wR4LZjXliZXCqPVnYgiX6N1FDpLCIvWKYQXZ1XgJ5g2g0caeUUX9q4SY.60ykO35tbRlzauGVhiB1uQ2t5y7_jb2ymNtNrccTVic&dib_tag=se&keywords=laptop&qid=1744087449&sprefix=laptop%2Caps%2C593&sr=8-13
"Lenovo IdeaPad Slim 3 13th Gen Intel Core i3 15.6"" (39.6cm) FHD Laptop (8GB/512GB SSD/Win 11/Office 2021/1 Year Warranty/Alexa Built-in/3 Month Game Pass/Arctic Grey/1.62Kg), 82X70034IN","₹37,850",/sspa/click?ie=UTF8&spc=MTo4MjQxNzU0ODcwMTgzODI5OjE3NDQwODc0NDk6c3Bfc2VhcmNoX3RoZW1hdGljOjMwMDUyNTA0NDYxNDkzMjo6Mjo6&url=%2FLenovo-IdeaPad-39-6cm-Warranty-82X70034IN%2Fdp%2FB0C9JC8XDB%2Fref%3Dsxin_12_pa_sp_search_thematic_sspa%3Fcontent-id%3Damzn1.sym.70fd741c-68a9-470a-9805-115e3115104d%253Aamzn1.sym.70fd741c-68a9-470a-9805-115e3115104d%26crid%3D34VDZH1H46UCQ%26cv_ct_cx%3Dlaptop%26keywords%3Dlaptop%26pd_rd_i%3DB0C9JC8XDB%26pd_rd_r%3Dae85487d-7fae-49b4-9c0a-24a4669d028c%26pd_rd_w%3DYOP0q%26pd_rd_wg%3D5mQZ8%26pf_rd_p%3D70fd741c-68a9-470a-9805-115e3115104d%26pf_rd_r%3D0JSZNJVW9R9XVC401GE4%26qid%3D1744087449%26sbo%3DRZvfv%252F%252FHxDF%252BO5021pAnSA%253D%253D%26sprefix%3Dlaptop%252Caps%252C593%26sr%3D1-3-66673dcf-083f-43ba-b782-d4a436cc5cfb-spons%26sp_csd%3Dd2lkZ2V0TmFtZT1zcF9zZWFyY2hfdGhlbWF0aWM%26psc%3D1
"Lenovo V15 G4 AMD Ryzen 5 7520U 15.6 inch FHD Thin & Lite Laptop, AMD Graphics, 16GB DDR5 5500Mhz Ram, 512GB SSD NVMe, Windows 11, Dolby Audio, Arctic Grey, 1 Year Onsite Brand Warranty","₹34,990",/Lenovo-Graphics-5500Mhz-Windows-Warranty/dp/B0F29HNJL1/ref=sr_1_3?crid=34VDZH1H46UCQ&dib=eyJ2IjoiMSJ9.rp98xcX_E_AwI1RL8qEmuw5HYdop-So7icMCLC2E4tSLgBEhDbsKKBeAdIoXKBvLS4xpzo6oCFxjykJs4dooniDMf0A9jhNIMa80m0tN9SruKRFawaL_bax3Sa0UgkV_1ZOvHf5ALisAx3GKZHv06DxBuAu4qjLB2YlA6qwd7wXpbVsVMl5wR4LZjXliZXCqPVnYgiX6N1FDpLCIvWKYQXZ1XgJ5g2g0caeUUX9q4SY.60ykO35tbRlzauGVhiB1uQ2t5y7_jb2ymNtNrccTVic&dib_tag=se&keywords=laptop&qid=1744087449&sprefix=laptop%2Caps%2C593&sr=8-3
"Lenovo LOQ 2024, Intel Core i5-12450HX, 12th Gen, NVIDIA RTX 2050-4GB, 24GB RAM, 512GB SSD, FHD 144Hz 300Nits, 15.6""/39.6cm, Windows 11, Grey, 2.4Kg, 83GS00CKIN, 100% sRGB, 1Yr ADP Free Gaming Laptop","₹63,490",/sspa/click?ie=UTF8&spc=MTo3MzIxMTkzNTc4MjM2MTkyOjE3NDQwODc0NzA6c3BfYnRmOjMwMDQyNjQ4NjAwMjgzMjo6MDo6&url=%2FLenovo-i5-12450HX-39-6cm-300Nits-83GS00CKIN%2Fdp%2FB0D8L6R3T3%2Fref%3Dsr_1_38_sspa%3Fcrid%3D34VDZH1H46UCQ%26dib%3DeyJ2IjoiMSJ9.qfQtqLtC5P9d79LA-qX4OnGyL-ol9CLh65VUzVorGbWGeTCgkjSBnc92vVs_mbO0CmLrCfyGO5KzNjfSEZtowGDdSzSF5TM8jDrPCTRuO_kQJJBN-Drj6e6cjYcO29_ATFUUSmt4TL0_pdDMT5xFDDipTegwPkZCQp4zE7hVOxvGu3l-a2sUwsHCr2-S7nlc6NqCtHDjmcNZt7mJIwUjXexEOe7SMI-5RoTfisSeQFg.1AHpmwkLrNG69YS6y88Dbxn37GVR8wyo-lKtfWO5UIQ%26dib_tag%3Dse%26keywords%3Dlaptop%26qid%3D1744087470%26sprefix%3Dlaptop%252Caps%252C593%26sr%3D8-38-spons%26sp_csd%3Dd2lkZ2V0TmFtZT1zcF9idGY%26psc%3D1
"HP EliteBook 840 G10 Notebook, 14"" WUXGA Business Laptop, Intel i5-1335U, 32GB DDR5 RAM, 1TB SSD, Iris Xe Graphics, Backlit, Fingerprint, Wi-Fi 6, Windows 11 Pro & Microsoft Office Lifetime License","₹92,490",/HP-EliteBook-840-Fingerprint-Microsoft/dp/B0D9YC8RZQ/ref=sr_1_33?crid=34VDZH1H46UCQ&dib=eyJ2IjoiMSJ9.qfQtqLtC5P9d79LA-qX4OnGyL-ol9CLh65VUzVorGbWGeTCgkjSBnc92vVs_mbO0CmLrCfyGO5KzNjfSEZtowGDdSzSF5TM8jDrPCTRuO_kQJJBN-Drj6e6cjYcO29_ATFUUSmt4TL0_pdDMT5xFDDipTegwPkZCQp4zE7hVOxvGu3l-a2sUwsHCr2-S7nlc6NqCtHDjmcNZt7mJIwUjXexEOe7SMI-5RoTfisSeQFg.1AHpmwkLrNG69YS6y88Dbxn37GVR8wyo-lKtfWO5UIQ&dib_tag=se&keywords=laptop&qid=1744087470&sprefix=laptop%2Caps%2C593&sr=8-33
"Lenovo IdeaPad 1 AMD Athlon Silver 7120U 15.6"" HD Thin and Light Laptop (8GB/512GB SDD/Windows 11 Home/1Year Warranty/Office 2024/Cloud Grey/1.58Kg), 82VG00T6IN","₹24,190",/sspa/click?ie=UTF8&spc=MTo2OTc5NTM1ODM2NjM4MTcxOjE3NDQwODc0OTU6c3BfYXRmX25leHQ6MzAwMTExMDI2MTgxNDMyOjowOjo&url=%2FLenovo-IdeaPad-Windows-Warranty-82VG00EQIN%2Fdp%2FB0CN18M8CM%2Fref%3Dsr_1_49_sspa%3Fcrid%3D34VDZH1H46UCQ%26dib%3DeyJ2IjoiMSJ9.Rky3kBtVSeYnLRQPfeRRup43K4dF-Hk_MjTkXH9P1qdFyvB4T7zUoGC98BvCdupp65PU4J5aV7VBqPgDNPVFkFFbRjzNCqMann7YGgvYeFP8kGqC40ooWHf-774U1GDgkTQOrT2e1xf8ow-l3E2e466Udht4BD4eMtmBrCCxu3tKGN2ly7O-snJRDComIOMXbYR-CB1hAdwnagaizyL66kidbx3UFVtcJI6Cn-MvkXk.c6sCXB4FTyJkDgYPjkFX_E5BW82pjWhyH_7zFk6YH3Q%26dib_tag%3Dse%26keywords%3Dlaptop%26qid%3D1744087495%26sprefix%3Dlaptop%252Caps%252C593%26sr%3D8-49-spons%26sp_csd%3Dd2lkZ2V0TmFtZT1zcF9hdGZfbmV4dA%26psc%3D1
"FUTOPIA Ultimus PRO Intel Dual Core ~2.4GHz (4 GB/128 GB EMMC Storage/Windows 11 Home) NU14U3CNC43BN-MB Thin and Light Laptop (14 Inch, Gray, 1.2 kg)","₹11,990",/sspa/click?ie=UTF8&spc=MTo2MjU3OTA2OTA0NjgwNDQ3OjE3NDQwODc0NDk6c3BfbXRmOjMwMDQ1ODkwNzkxMjIzMjo6MDo6&url=%2FFUTOPIA-Ultimus-2-4GHz-Storage-NU14U3CNC43BN-MB%2Fdp%2FB0D98DS8ZR%2Fref%3Dsr_1_11_sspa%3Fcrid%3D34VDZH1H46UCQ%26dib%3DeyJ2IjoiMSJ9.rp98xcX_E_AwI1RL8qEmuw5HYdop-So7icMCLC2E4tSLgBEhDbsKKBeAdIoXKBvLS4xpzo6oCFxjykJs4dooniDMf0A9jhNIMa80m0tN9SruKRFawaL_bax3Sa0UgkV_1ZOvHf5ALisAx3GKZHv06DxBuAu4qjLB2YlA6qwd7wXpbVsVMl5wR4LZjXliZXCqPVnYgiX6N1FDpLCIvWKYQXZ1XgJ5g2g0caeUUX9q4SY.60ykO35tbRlzauGVhiB1uQ2t5y7_jb2ymNtNrccTVic%26dib_tag%3Dse%26keywords%3Dlaptop%26qid%3D1744087449%26sprefix%3Dlaptop%252Caps%252C593%26sr%3D8-11-spons%26sp_csd%3Dd2lkZ2V0TmFtZT1zcF9tdGY%26psc%3D1
"AmazonBasics Vertical Laptop Stand with Adjustable Dock and Dual Slots, Compatible with All Laptops Up to 20.3"" (Aluminium, Grey)","₹1,299",/AmazonBasics-Vertical-Adjustable-Compatible-Aluminium/dp/B0BTNT6F4X/ref=sr_1_55?crid=34VDZH1H46UCQ&dib=eyJ2IjoiMSJ9.Rky3kBtVSeYnLRQPfeRRup43K4dF-Hk_MjTkXH9P1qdFyvB4T7zUoGC98BvCdupp65PU4J5aV7VBqPgDNPVFkFFbRjzNCqMann7YGgvYeFP8kGqC40ooWHf-774U1GDgkTQOrT2e1xf8ow-l3E2e466Udht4BD4eMtmBrCCxu3tKGN2ly7O-snJRDComIOMXbYR-CB1hAdwnagaizyL66kidbx3UFVtcJI6Cn-MvkXk.c6sCXB4FTyJkDgYPjkFX_E5BW82pjWhyH_7zFk6YH3Q&dib_tag=se&keywords=laptop&qid=1744087495&sprefix=laptop%2Caps%2C593&sr=8-55
"Acer Aspire 3 Laptop Intel Core Celeron N4500 Processor Laptop (8 GB LPDDR4X SDRAM/256 GB SSD/Win11 Home/38 WHR/HD Webcam) A324-45 with 35.56 cm (14"") HD Display, Pure Silver, 1.3 KG","₹21,980",/Acer-Celeron-Processor-LPDDR4X-A324-45/dp/B0D7PSYS6B/ref=sr_1_31?crid=34VDZH1H46UCQ&dib=eyJ2IjoiMSJ9.qfQtqLtC5P9d79LA-qX4OnGyL-ol9CLh65VUzVorGbWGeTCgkjSBnc92vVs_mbO0CmLrCfyGO5KzNjfSEZtowGDdSzSF5TM8jDrPCTRuO_kQJJBN-Drj6e6cjYcO29_ATFUUSmt4TL0_pdDMT5xFDDipTegwPkZCQp4zE7hVOxvGu3l-a2sUwsHCr2-S7nlc6NqCtHDjmcNZt7mJIwUjXexEOe7SMI-5RoTfisSeQFg.1AHpmwkLrNG69YS6y88Dbxn37GVR8wyo-lKtfWO5UIQ&dib_tag=se&keywords=laptop&qid=1744087470&sprefix=laptop%2Caps%2C593&sr=8-31
"Lenovo V15 Intel Celeron N4500 15.6"" (39.62 cm) FHD (1920x1080) Antiglare 250 Nits Thin and Light Laptop (8GB RAM/256GB SSD/DOS/Black/1Y Onsite/1.7 kg), 82QYA00HIN","₹21,990",/Lenovo-Celeron-1920x1080-Antiglare-82QYA00HIN/dp/B0C28GQ3YL/ref=sr_1_56?crid=34VDZH1H46UCQ&dib=eyJ2IjoiMSJ9.Rky3kBtVSeYnLRQPfeRRup43K4dF-Hk_MjTkXH9P1qdFyvB4T7zUoGC98BvCdupp65PU4J5aV7VBqPgDNPVFkFFbRjzNCqMann7YGgvYeFP8kGqC40ooWHf-774U1GDgkTQOrT2e1xf8ow-l3E2e466Udht4BD4eMtmBrCCxu3tKGN2ly7O-snJRDComIOMXbYR-CB1hAdwnagaizyL66kidbx3UFVtcJI6Cn-MvkXk.c6sCXB4FTyJkDgYPjkFX_E5BW82pjWhyH_7zFk6YH3Q&dib_tag=se&keywords=laptop&qid=1744087495&sprefix=laptop%2Caps%2C593&sr=8-56
"Lenovo IdeaPad Slim 5 13th Gen Intel Core i5 13420H 14""(35.5cm) WUXGA IPS Laptop (16GB/512GB SSD/Win 11/MSO 21/Backlit KB/FHD Camera/1Yr ADP Free/Alexa/3 Month Game Pass/Cloud Grey/1.46Kg), 82XD003MIN","₹66,490",/sspa/click?ie=UTF8&spc=MTo2MjU3OTA2OTA0NjgwNDQ3OjE3NDQwODc0NDk6c3BfYnRmOjMwMDUyNTE1NTE2NDMzMjo6MDo6&url=%2FLenovo-IdeaPad-13420H-Backlit-82XD003NIN%2Fdp%2FB0C9HTBMLW%2Fref%3Dsr_1_21_sspa%3Fcrid%3D34VDZH1H46UCQ%26dib%3DeyJ2IjoiMSJ9.rp98xcX_E_AwI1RL8qEmuw5HYdop-So7icMCLC2E4tSLgBEhDbsKKBeAdIoXKBvLS4xpzo6oCFxjykJs4dooniDMf0A9jhNIMa80m0tN9SruKRFawaL_bax3Sa0UgkV_1ZOvHf5ALisAx3GKZHv06DxBuAu4qjLB2YlA6qwd7wXpbVsVMl5wR4LZjXliZXCqPVnYgiX6N1FDpLCIvWKYQXZ1XgJ5g2g0caeUUX9q4SY.60ykO35tbRlzauGVhiB1uQ2t5y7_jb2ymNtNrccTVic%26dib_tag%3Dse%26keywords%3Dlaptop%26qid%3D1744087449%26sprefix%3Dlaptop%252Caps%252C593%26sr%3D8-21-spons%26sp_csd%3Dd2lkZ2V0TmFtZT1zcF9idGY%26psc%3D1
"Lenovo IdeaPad Slim 5 Intel Core Ultra 5 125H Built-in AI 16"" (40.64cm) WUXGA-IPS 300Nits Thin & Light Laptop (16GB/512GB SSD/Win 11/100%sRGB/MSO/1Yr ADP Free/3 month Game Pass/Grey/1.8Kg), 83DC007LIN","₹72,990",/sspa/click?ie=UTF8&spc=MTo2OTc5NTM1ODM2NjM4MTcxOjE3NDQwODc0OTU6c3BfYnRmOjMwMDQ4MDE2NjU1NTkzMjo6MDo6&url=%2FLenovo-IdeaPad-WUXGA-IPS-100-sRGB-83DC007LIN%2Fdp%2FB0DFQ31CD4%2Fref%3Dsr_1_69_sspa%3Fcrid%3D34VDZH1H46UCQ%26dib%3DeyJ2IjoiMSJ9.Rky3kBtVSeYnLRQPfeRRup43K4dF-Hk_MjTkXH9P1qdFyvB4T7zUoGC98BvCdupp65PU4J5aV7VBqPgDNPVFkFFbRjzNCqMann7YGgvYeFP8kGqC40ooWHf-774U1GDgkTQOrT2e1xf8ow-l3E2e466Udht4BD4eMtmBrCCxu3tKGN2ly7O-snJRDComIOMXbYR-CB1hAdwnagaizyL66kidbx3UFVtcJI6Cn-MvkXk.c6sCXB4FTyJkDgYPjkFX_E5BW82pjWhyH_7zFk6YH3Q%26dib_tag%3Dse%26keywords%3Dlaptop%26qid%3D1744087495%26sprefix%3Dlaptop%252Caps%252C593%26sr%3D8-69-spons%26sp_csd%3Dd2lkZ2V0TmFtZT1zcF9idGY%26psc%3D1
"Lenovo IdeaPad Slim 1 Intel® Celeron® N4020 15.6 inch (39.6cm) Thin & Light Laptop (8GB RAM/512GB SSD/Windows 11 Home/Office Home & Student 2024/1Yr ADP Free/Cloud Grey/1.54Kg), 82V700L2IN","₹24,990",/Lenovo-IdeaPad-Celeron%C2%AE-Windows-82V700L2IN/dp/B0DWSZ4MD8/ref=sr_1_5?crid=34VDZH1H46UCQ&dib=eyJ2IjoiMSJ9.rp98xcX_E_AwI1RL8qEmuw5HYdop-So7icMCLC2E4tSLgBEhDbsKKBeAdIoXKBvLS4xpzo6oCFxjykJs4dooniDMf0A9jhNIMa80m0tN9SruKRFawaL_bax3Sa0UgkV_1ZOvHf5ALisAx3GKZHv06DxBuAu4qjLB2YlA6qwd7wXpbVsVMl5wR4LZjXliZXCqPVnYgiX6N1FDpLCIvWKYQXZ1XgJ5g2g0caeUUX9q4SY.60ykO35tbRlzauGVhiB1uQ2t5y7_jb2ymNtNrccTVic&dib_tag=se&keywords=laptop&qid=1744087449&sprefix=laptop%2Caps%2C593&sr=8-5
"Lenovo {Smartchoice) Tab Plus with Octa JBL Hi-Fi Speakers| 8 GB RAM, 256 GB ROM| 11.5 Inch, 2K, 90 Hz Refresh| Wi-Fi Tablet| Android 14| 45 W Fast Charger| Built-in Kickstand| Color: Luna Grey","₹18,998",/Lenovo-Speakers-Refresh-Android-Kickstand/dp/B0D6G4SKGK/ref=sr_1_68?crid=34VDZH1H46UCQ&dib=eyJ2IjoiMSJ9.Rky3kBtVSeYnLRQPfeRRup43K4dF-Hk_MjTkXH9P1qdFyvB4T7zUoGC98BvCdupp65PU4J5aV7VBqPgDNPVFkFFbRjzNCqMann7YGgvYeFP8kGqC40ooWHf-774U1GDgkTQOrT2e1xf8ow-l3E2e466Udht4BD4eMtmBrCCxu3tKGN2ly7O-snJRDComIOMXbYR-CB1hAdwnagaizyL66kidbx3UFVtcJI6Cn-MvkXk.c6sCXB4FTyJkDgYPjkFX_E5BW82pjWhyH_7zFk6YH3Q&dib_tag=se&keywords=laptop&qid=1744087495&sprefix=laptop%2Caps%2C593&sr=8-68
"ASUS TUF Gaming A15, AMD Ryzen 7 7435Hs, NVIDIA Geforce RTX 3050, 16GB RAM, 512GB SSD, FHD 144Hz, 15.6"", Windows 11, Graphite Black, 2.3KG, FA506NCR-HN054W, 48WHR Gaming Laptop","₹64,990",/ASUS-15-6-inch-GeForce-Graphite-FA506NCR-HN054W/dp/B0D5DFR78J/ref=sr_1_57?crid=34VDZH1H46UCQ&dib=eyJ2IjoiMSJ9.Rky3kBtVSeYnLRQPfeRRup43K4dF-Hk_MjTkXH9P1qdFyvB4T7zUoGC98BvCdupp65PU4J5aV7VBqPgDNPVFkFFbRjzNCqMann7YGgvYeFP8kGqC40ooWHf-774U1GDgkTQOrT2e1xf8ow-l3E2e466Udht4BD4eMtmBrCCxu3tKGN2ly7O-snJRDComIOMXbYR-CB1hAdwnagaizyL66kidbx3UFVtcJI6Cn-MvkXk.c6sCXB4FTyJkDgYPjkFX_E5BW82pjWhyH_7zFk6YH3Q&dib_tag=se&keywords=laptop&qid=1744087495&sprefix=laptop%2Caps%2C593&sr=8-57
"Acer Aspire Lite Intel Core i5-12450H Processor Premium Laptop (Windows 11 Home/16 GB RAM/1 TB SSD/54WHr) AL15-52H with 39.6cm (15.6"") FHD Display, 1.7 KG","₹53,990",/Acer-i5-12450H-Processor-Premium-AL15-52H/dp/B0DS62SR4V/ref=sr_1_25?crid=34VDZH1H46UCQ&dib=eyJ2IjoiMSJ9.qfQtqLtC5P9d79LA-qX4OnGyL-ol9CLh65VUzVorGbWGeTCgkjSBnc92vVs_mbO0CmLrCfyGO5KzNjfSEZtowGDdSzSF5TM8jDrPCTRuO_kQJJBN-Drj6e6cjYcO29_ATFUUSmt4TL0_pdDMT5xFDDipTegwPkZCQp4zE7hVOxvGu3l-a2sUwsHCr2-S7nlc6NqCtHDjmcNZt7mJIwUjXexEOe7SMI-5RoTfisSeQFg.1AHpmwkLrNG69YS6y88Dbxn37GVR8wyo-lKtfWO5UIQ&dib_tag=se&keywords=laptop&qid=1744087470&sprefix=laptop%2Caps%2C593&sr=8-25
STRIFF Adjustable Laptop Tabletop Stand Patented Riser Ventilated Portable Foldable Compatible with MacBook Notebook Tablet Tray Desk Table Book with Free Phone Stand (Black),₹249,/STRIFF-Adjustable-Patented-Ventilated-Compatible/dp/B07XCM6T4N/ref=sr_1_38?crid=34VDZH1H46UCQ&dib=eyJ2IjoiMSJ9.DOdWy-rC6RiGF2cbWZAbDi20WAjSP66oXcgXpQKNKJp9sbuXi5i8cB-2PuBb_u38b0Ut6hvzYbAgnJhtI3CfSAtN5UTE3KgdBQl7UEVdriDSbSFsXbi46-Lxv00L4kiWgyFfL1qiE2_bRlOKjyPh2nkO_B2eUdE2VoS9MdI0zA6362xl-j5bfGGKEvzaOfXCdYqRUWB1uYqjRCFH1jzla4osrSywlHCRZ19nb-pFGj4.6c9V0B9O4QUMbs-Lfh8lRIMXYrPdpiOJrYFQR0GB1GI&dib_tag=se&keywords=laptop&qid=1744087486&sprefix=laptop%2Caps%2C593&sr=8-38
"Lenovo V15 Thin & Light Laptop, 15.6"" FHD Display, Intel Core i5 12th Gen (1235U), 16GB DDR4 RAM, 512GB SSD, Webcam, HDMI, Wi-Fi-6, Windows 11, Intel Iris Xe Graphics, Black,1 Year Brand Warranty","₹43,490",/Lenovo-V15-Display-Graphics-Warranty/dp/B0DBLGQVD9/ref=sr_1_51?crid=34VDZH1H46UCQ&dib=eyJ2IjoiMSJ9.DOdWy-rC6RiGF2cbWZAbDi20WAjSP66oXcgXpQKNKJp9sbuXi5i8cB-2PuBb_u38b0Ut6hvzYbAgnJhtI3CfSAtN5UTE3KgdBQl7UEVdriDSbSFsXbi46-Lxv00L4kiWgyFfL1qiE2_bRlOKjyPh2nkO_B2eUdE2VoS9MdI0zA6362xl-j5bfGGKEvzaOfXCdYqRUWB1uYqjRCFH1jzla4osrSywlHCRZ19nb-pFGj4.6c9V0B9O4QUMbs-Lfh8lRIMXYrPdpiOJrYFQR0GB1GI&dib_tag=se&keywords=laptop&qid=1744087486&sprefix=laptop%2Caps%2C593&sr=8-51
"Lenovo V15 Intel Celeron N4500 15.6"" (39.62 cm) FHD (1920x1080) Antiglare 250 Nits Thin and Light Laptop (8GB RAM/256GB SSD/Windows 11 Home/Black/1Y Onsite/1.7 kg), 82QYA00MIN","₹21,790",/Lenovo-Celeron-1920x1080-Antiglare-82QYA00MIN/dp/B0C28FKJXG/ref=sr_1_20?crid=34VDZH1H46UCQ&dib=eyJ2IjoiMSJ9.qfQtqLtC5P9d79LA-qX4OnGyL-ol9CLh65VUzVorGbWGeTCgkjSBnc92vVs_mbO0CmLrCfyGO5KzNjfSEZtowGDdSzSF5TM8jDrPCTRuO_kQJJBN-Drj6e6cjYcO29_ATFUUSmt4TL0_pdDMT5xFDDipTegwPkZCQp4zE7hVOxvGu3l-a2sUwsHCr2-S7nlc6NqCtHDjmcNZt7mJIwUjXexEOe7SMI-5RoTfisSeQFg.1AHpmwkLrNG69YS6y88Dbxn37GVR8wyo-lKtfWO5UIQ&dib_tag=se&keywords=laptop&qid=1744087470&sprefix=laptop%2Caps%2C593&sr=8-20
"Acer Aspire 3 Laptop Intel Core Celeron N4500 Processor Laptop (8 GB LPDDR4X SDRAM/512 GB SSD/Win11 Home/38 WHR/HD Webcam) A324-45 with 35.56 cm (14"") HD Display, Pure Silver, 1.3 KG","₹22,980",/Acer-Celeron-Processor-LPDDR4X-A324-45/dp/B0D7PSTHRD/ref=sr_1_23?crid=34VDZH1H46UCQ&dib=eyJ2IjoiMSJ9.qfQtqLtC5P9d79LA-qX4OnGyL-ol9CLh65VUzVorGbWGeTCgkjSBnc92vVs_mbO0CmLrCfyGO5KzNjfSEZtowGDdSzSF5TM8jDrPCTRuO_kQJJBN-Drj6e6cjYcO29_ATFUUSmt4TL0_pdDMT5xFDDipTegwPkZCQp4zE7hVOxvGu3l-a2sUwsHCr2-S7nlc6NqCtHDjmcNZt7mJIwUjXexEOe7SMI-5RoTfisSeQFg.1AHpmwkLrNG69YS6y88Dbxn37GVR8wyo-lKtfWO5UIQ&dib_tag=se&keywords=laptop&qid=1744087470&sprefix=laptop%2Caps%2C593&sr=8-23
"HP 15, AMD Ryzen 3 7320U, 8GB LPDDR5, 512GB SSD, Anti-Glare, Micro-Edge, 15.6-inch (39.6 cm), FHD, AMD Radeon Graphics, 1080p HD Camera, (Win 11, Silver, 1.59 kg), fc0154AU","₹29,990",/HP-Laptop-15-6-inch-Graphics-fc0154AU/dp/B0D3HG5CMG/ref=sr_1_30?crid=34VDZH1H46UCQ&dib=eyJ2IjoiMSJ9.qfQtqLtC5P9d79LA-qX4OnGyL-ol9CLh65VUzVorGbWGeTCgkjSBnc92vVs_mbO0CmLrCfyGO5KzNjfSEZtowGDdSzSF5TM8jDrPCTRuO_kQJJBN-Drj6e6cjYcO29_ATFUUSmt4TL0_pdDMT5xFDDipTegwPkZCQp4zE7hVOxvGu3l-a2sUwsHCr2-S7nlc6NqCtHDjmcNZt7mJIwUjXexEOe7SMI-5RoTfisSeQFg.1AHpmwkLrNG69YS6y88Dbxn37GVR8wyo-lKtfWO5UIQ&dib_tag=se&keywords=laptop&qid=1744087470&sprefix=laptop%2Caps%2C593&sr=8-30
"Lenovo LOQ 2024, Intel Core i5-13450HX, 13th Gen, NVIDIA RTX 4050-6GB, 16GB RAM, 512GB SSD, FHD 144Hz, 15.6""/39.6cm, Windows 11, MS Office 21, Grey, 2.4Kg, 83DV007GIN, 1Yr ADP Free Gaming Laptop","₹86,990",/sspa/click?ie=UTF8&spc=MTo4NzI1Mzg2OTgyNTk0ODU5OjE3NDQwODc0NzA6c3Bfc2VhcmNoX3RoZW1hdGljOjMwMDIwNTYyNTM3NTczMjo6Mjo6&url=%2FLenovo-i5-13450HX-300Nits-Graphics-83DV007GIN%2Fdp%2FB0D49W5KZP%2Fref%3Dsxin_13_pa_sp_search_thematic_sspa%3Fcontent-id%3Damzn1.sym.59126330-c308-4c36-a5a0-21cac002681f%253Aamzn1.sym.59126330-c308-4c36-a5a0-21cac002681f%26crid%3D34VDZH1H46UCQ%26cv_ct_cx%3Dlaptop%26keywords%3Dlaptop%26pd_rd_i%3DB0D49W5KZP%26pd_rd_r%3D90dbb0c0-c8c4-4e36-a355-f15417d25fd2%26pd_rd_w%3DQBoPY%26pd_rd_wg%3DW0Azq%26pf_rd_p%3D59126330-c308-4c36-a5a0-21cac002681f%26pf_rd_r%3DGMFJEB9N19BB3EWD8Z29%26qid%3D1744087470%26sbo%3DRZvfv%252F%252FHxDF%252BO5021pAnSA%253D%253D%26sprefix%3Dlaptop%252Caps%252C593%26sr%3D1-19-2ec22325-1003-449d-8aaf-c0bcc24717ae-spons%26sp_csd%3Dd2lkZ2V0TmFtZT1zcF9zZWFyY2hfdGhlbWF0aWM%26psc%3D1
"ASUS Vivobook 16, Intel Core i5-12500H, 16GB RAM, 512GB SSD, FHD+ 60Hz 300Nits, 16"", Windows 11, MS Office Home, Transparent Silver, 1.88KG, X1605ZAC-MB541WS, Fingerprint, 42Whr Battery Laptop","₹53,990",/ASUS-i5-12500H-Fingerprint-Transparent-X1605ZAC-MB541WS/dp/B0DGLCTZXX/ref=sr_1_62?crid=34VDZH1H46UCQ&dib=eyJ2IjoiMSJ9.Rky3kBtVSeYnLRQPfeRRup43K4dF-Hk_MjTkXH9P1qdFyvB4T7zUoGC98BvCdupp65PU4J5aV7VBqPgDNPVFkFFbRjzNCqMann7YGgvYeFP8kGqC40ooWHf-774U1GDgkTQOrT2e1xf8ow-l3E2e466Udht4BD4eMtmBrCCxu3tKGN2ly7O-snJRDComIOMXbYR-CB1hAdwnagaizyL66kidbx3UFVtcJI6Cn-MvkXk.c6sCXB4FTyJkDgYPjkFX_E5BW82pjWhyH_7zFk6YH3Q&dib_tag=se&keywords=laptop&qid=1744087495&sprefix=laptop%2Caps%2C593&sr=8-62
"Chuwi HeroBook Pro 14.1'' Intel Celeron N4020 Laptop with 8GB RAM, 256GB SSD, Windows 11, 1TB Expand, FHD IPS, Ultra Slim, USB3.0, Mini-HDMI, Webcam","₹16,990",/sspa/click?ie=UTF8&spc=MTo3MzIxMTkzNTc4MjM2MTkyOjE3NDQwODc0NzA6c3BfYnRmOjMwMDI4MTI3NTk3NjEzMjo6MDo6&url=%2FChuwi-HeroBook-Pro-Celeron-Mini-HDMI%2Fdp%2FB0D9RXH8X5%2Fref%3Dsr_1_37_sspa%3Fcrid%3D34VDZH1H46UCQ%26dib%3DeyJ2IjoiMSJ9.qfQtqLtC5P9d79LA-qX4OnGyL-ol9CLh65VUzVorGbWGeTCgkjSBnc92vVs_mbO0CmLrCfyGO5KzNjfSEZtowGDdSzSF5TM8jDrPCTRuO_kQJJBN-Drj6e6cjYcO29_ATFUUSmt4TL0_pdDMT5xFDDipTegwPkZCQp4zE7hVOxvGu3l-a2sUwsHCr2-S7nlc6NqCtHDjmcNZt7mJIwUjXexEOe7SMI-5RoTfisSeQFg.1AHpmwkLrNG69YS6y88Dbxn37GVR8wyo-lKtfWO5UIQ%26dib_tag%3Dse%26keywords%3Dlaptop%26qid%3D1744087470%26sprefix%3Dlaptop%252Caps%252C593%26sr%3D8-37-spons%26sp_csd%3Dd2lkZ2V0TmFtZT1zcF9idGY%26psc%3D1
"HP Pavilion x360, 13th Gen Intel Core i5-1335U, 16GB DDR4, 1TB SSD, (Win 11, Office 21, Silver, 1.41kg),Touchscreen,14-inch(35.6cm) FHD Laptop, Intel Iris Xe graphics, 5MP camera, Backlit KB, ek1010TU","₹77,990",/HP-Pavilion-i5-1335U-Graphics-14-ek1010TU/dp/B0BRT8BRKY/ref=sr_1_20?crid=34VDZH1H46UCQ&dib=eyJ2IjoiMSJ9.rp98xcX_E_AwI1RL8qEmuw5HYdop-So7icMCLC2E4tSLgBEhDbsKKBeAdIoXKBvLS4xpzo6oCFxjykJs4dooniDMf0A9jhNIMa80m0tN9SruKRFawaL_bax3Sa0UgkV_1ZOvHf5ALisAx3GKZHv06DxBuAu4qjLB2YlA6qwd7wXpbVsVMl5wR4LZjXliZXCqPVnYgiX6N1FDpLCIvWKYQXZ1XgJ5g2g0caeUUX9q4SY.60ykO35tbRlzauGVhiB1uQ2t5y7_jb2ymNtNrccTVic&dib_tag=se&keywords=laptop&qid=1744087449&sprefix=laptop%2Caps%2C593&sr=8-20
"Lenovo IdeaPad 3, Intel Core i3-1215U, 12th Gen, 8GB RAM, 512GB SSD, FHD, 14""/35.5cm, Windows 11, MSOffice 2021, Arctic Grey, 1.43Kg, 82RJ00FUIN, 1 Year Warranty, 3months Game Pass, Thin& Light Laptop","₹33,870",/sspa/click?ie=UTF8&spc=MTo4NzI1Mzg2OTgyNTk0ODU5OjE3NDQwODc0NzA6c3Bfc2VhcmNoX3RoZW1hdGljOjMwMDQyNjMwMTAwNzYzMjo6MTo6&url=%2FLenovo-IdeaPad-i3-1215U-Warranty-82RJ00FUIN%2Fdp%2FB0DFH99H7X%2Fref%3Dsxin_13_pa_sp_search_thematic_sspa%3Fcontent-id%3Damzn1.sym.59126330-c308-4c36-a5a0-21cac002681f%253Aamzn1.sym.59126330-c308-4c36-a5a0-21cac002681f%26crid%3D34VDZH1H46UCQ%26cv_ct_cx%3Dlaptop%26keywords%3Dlaptop%26pd_rd_i%3DB0DFH99H7X%26pd_rd_r%3D90dbb0c0-c8c4-4e36-a355-f15417d25fd2%26pd_rd_w%3DQBoPY%26pd_rd_wg%3DW0Azq%26pf_rd_p%3D59126330-c308-4c36-a5a0-21cac002681f%26pf_rd_r%3DGMFJEB9N19BB3EWD8Z29%26qid%3D1744087470%26sbo%3DRZvfv%252F%252FHxDF%252BO5021pAnSA%253D%253D%26sprefix%3Dlaptop%252Caps%252C593%26sr%3D1-18-2ec22325-1003-449d-8aaf-c0bcc24717ae-spons%26sp_csd%3Dd2lkZ2V0TmFtZT1zcF9zZWFyY2hfdGhlbWF0aWM%26psc%3D1
"FUTOPIA Ultimus PRO Intel Dual Core ~2.4GHz (4 GB/128 GB EMMC Storage/Windows 11 Home) NU14U3CNC43BN-MB Thin and Light Laptop (14 Inch, Gray, 1.2 kg)","₹11,990",/FUTOPIA-Ultimus-2-4GHz-Storage-NU14U3CNC43BN-MB/dp/B0D98DS8ZR/ref=sr_1_34?crid=34VDZH1H46UCQ&dib=eyJ2IjoiMSJ9.qfQtqLtC5P9d79LA-qX4OnGyL-ol9CLh65VUzVorGbWGeTCgkjSBnc92vVs_mbO0CmLrCfyGO5KzNjfSEZtowGDdSzSF5TM8jDrPCTRuO_kQJJBN-Drj6e6cjYcO29_ATFUUSmt4TL0_pdDMT5xFDDipTegwPkZCQp4zE7hVOxvGu3l-a2sUwsHCr2-S7nlc6NqCtHDjmcNZt7mJIwUjXexEOe7SMI-5RoTfisSeQFg.1AHpmwkLrNG69YS6y88Dbxn37GVR8wyo-lKtfWO5UIQ&dib_tag=se&keywords=laptop&qid=1744087470&sprefix=laptop%2Caps%2C593&sr=8-34
"Dyazo Laptop Sleeve 15.6 inches, Durable Shockproof Neoprene Case Cover Carrying Bag Case with Pockets Compatible for HP/Crome Book/ASUS & Other Laptops, Notebook, Black (ONE Pocket 15.6 Black)",₹379,/Dyazo-15-6-Shockproof-Black-ONE/dp/B09X66TRW1/ref=sr_1_67?crid=34VDZH1H46UCQ&dib=eyJ2IjoiMSJ9.Rky3kBtVSeYnLRQPfeRRup43K4dF-Hk_MjTkXH9P1qdFyvB4T7zUoGC98BvCdupp65PU4J5aV7VBqPgDNPVFkFFbRjzNCqMann7YGgvYeFP8kGqC40ooWHf-774U1GDgkTQOrT2e1xf8ow-l3E2e466Udht4BD4eMtmBrCCxu3tKGN2ly7O-snJRDComIOMXbYR-CB1hAdwnagaizyL66kidbx3UFVtcJI6Cn-MvkXk.c6sCXB4FTyJkDgYPjkFX_E5BW82pjWhyH_7zFk6YH3Q&dib_tag=se&keywords=laptop&qid=1744087495&sprefix=laptop%2Caps%2C593&sr=8-67
"Lenovo IdeaPad Slim 1 AMD Ryzen 5 5500U 15.6"" HD Thin and Light Laptop (16GB/512GB SSD/Integrated AMD Graphics/Windows 11 Home/MSO 21/1Yr ADP Free/Cloud Grey/1.61Kg), 82R400ERIN","₹36,990",/Lenovo-IdeaPad-Laptop-Windows-82R400ERIN/dp/B0CP2KRYLM/ref=sr_1_26?crid=34VDZH1H46UCQ&dib=eyJ2IjoiMSJ9.qfQtqLtC5P9d79LA-qX4OnGyL-ol9CLh65VUzVorGbWGeTCgkjSBnc92vVs_mbO0CmLrCfyGO5KzNjfSEZtowGDdSzSF5TM8jDrPCTRuO_kQJJBN-Drj6e6cjYcO29_ATFUUSmt4TL0_pdDMT5xFDDipTegwPkZCQp4zE7hVOxvGu3l-a2sUwsHCr2-S7nlc6NqCtHDjmcNZt7mJIwUjXexEOe7SMI-5RoTfisSeQFg.1AHpmwkLrNG69YS6y88Dbxn37GVR8wyo-lKtfWO5UIQ&dib_tag=se&keywords=laptop&qid=1744087470&sprefix=laptop%2Caps%2C593&sr=8-26
"MSI CreatorPro X17 HX, Intel 13th Gen. i9-13980HX,44CM UHD 144Hz Mini LED Creator Laptop (64GB/4TB NVMe SSD/Windows 11 Pro/NVIDIA RTX™ 3500 Ada, GDDR6 12GB/Core Black/3.3Kg), A13VKS-249IN","₹4,94,490",/MSI-CreatorPro-i9-13980HX-Creator-A13VKS-249IN/dp/B0CD7GZD42/ref=sr_1_61?crid=34VDZH1H46UCQ&dib=eyJ2IjoiMSJ9.Rky3kBtVSeYnLRQPfeRRup43K4dF-Hk_MjTkXH9P1qdFyvB4T7zUoGC98BvCdupp65PU4J5aV7VBqPgDNPVFkFFbRjzNCqMann7YGgvYeFP8kGqC40ooWHf-774U1GDgkTQOrT2e1xf8ow-l3E2e466Udht4BD4eMtmBrCCxu3tKGN2ly7O-snJRDComIOMXbYR-CB1hAdwnagaizyL66kidbx3UFVtcJI6Cn-MvkXk.c6sCXB4FTyJkDgYPjkFX_E5BW82pjWhyH_7zFk6YH3Q&dib_tag=se&keywords=laptop&qid=1744087495&sprefix=laptop%2Caps%2C593&sr=8-61
"ASUS TUF Gaming A15, 15.6"" (39.62cm) FHD 16:9 144Hz, AMD Ryzen 7 7435HS, Gaming Laptop (16 DDR5/512GB SSD/NVIDIA GeForce RTX 2050/Windows 11 Home/Graphite Black/2.30 Kg), FA506NFR-HN045W","₹58,990",/ASUS-Gaming-15-6-39-62cm-FA506NFR-HN045W/dp/B0CDQ5CW9V/ref=sr_1_18?crid=34VDZH1H46UCQ&dib=eyJ2IjoiMSJ9.rp98xcX_E_AwI1RL8qEmuw5HYdop-So7icMCLC2E4tSLgBEhDbsKKBeAdIoXKBvLS4xpzo6oCFxjykJs4dooniDMf0A9jhNIMa80m0tN9SruKRFawaL_bax3Sa0UgkV_1ZOvHf5ALisAx3GKZHv06DxBuAu4qjLB2YlA6qwd7wXpbVsVMl5wR4LZjXliZXCqPVnYgiX6N1FDpLCIvWKYQXZ1XgJ5g2g0caeUUX9q4SY.60ykO35tbRlzauGVhiB1uQ2t5y7_jb2ymNtNrccTVic&dib_tag=se&keywords=laptop&qid=1744087449&sprefix=laptop%2Caps%2C593&sr=8-18
"HP 15s, 12th Gen Intel Core i5 16GB RAM/512GB SSD 15.6-inch(39.6 cm) Micro-Edge Anti-Glare FHD Laptop/Win 11/Intel Iris Xe Graphics/Dual Speakers/Alexa/Backlit KB/MSO/Fast Charge, 15s- fq5112TU","₹48,725",/HP-Micro-Edge-Anti-Glare-15s-fq5112TU/dp/B0B6F6HN37/ref=sr_1_29?crid=34VDZH1H46UCQ&dib=eyJ2IjoiMSJ9.qfQtqLtC5P9d79LA-qX4OnGyL-ol9CLh65VUzVorGbWGeTCgkjSBnc92vVs_mbO0CmLrCfyGO5KzNjfSEZtowGDdSzSF5TM8jDrPCTRuO_kQJJBN-Drj6e6cjYcO29_ATFUUSmt4TL0_pdDMT5xFDDipTegwPkZCQp4zE7hVOxvGu3l-a2sUwsHCr2-S7nlc6NqCtHDjmcNZt7mJIwUjXexEOe7SMI-5RoTfisSeQFg.1AHpmwkLrNG69YS6y88Dbxn37GVR8wyo-lKtfWO5UIQ&dib_tag=se&keywords=laptop&qid=1744087470&sprefix=laptop%2Caps%2C593&sr=8-29
"Lenovo IdeaPad Slim 3 13th Gen Core i3-1305U (8GB RAM/512GB SSD/Integrated Intel UHD Graphics/14 inch (35.5cm)/Windows 11/ MS Office 2021/Grey/1.3Kg), 82X6004GIN Thin & Light Laptop","₹36,990",/sspa/click?ie=UTF8&spc=MTo4NzI1Mzg2OTgyNTk0ODU5OjE3NDQwODc0NzA6c3Bfc2VhcmNoX3RoZW1hdGljOjMwMDQ1NjkzODYyNDgzMjo6NDo6&url=%2FLenovo-i3-1305U-Integrated-Graphics-82X6004GIN%2Fdp%2FB0DKG94BTN%2Fref%3Dsxin_13_pa_sp_search_thematic_sspa%3Fcontent-id%3Damzn1.sym.59126330-c308-4c36-a5a0-21cac002681f%253Aamzn1.sym.59126330-c308-4c36-a5a0-21cac002681f%26crid%3D34VDZH1H46UCQ%26cv_ct_cx%3Dlaptop%26keywords%3Dlaptop%26pd_rd_i%3DB0DKG94BTN%26pd_rd_r%3D90dbb0c0-c8c4-4e36-a355-f15417d25fd2%26pd_rd_w%3DQBoPY%26pd_rd_wg%3DW0Azq%26pf_rd_p%3D59126330-c308-4c36-a5a0-21cac002681f%26pf_rd_r%3DGMFJEB9N19BB3EWD8Z29%26qid%3D1744087470%26sbo%3DRZvfv%252F%252FHxDF%252BO5021pAnSA%253D%253D%26sprefix%3Dlaptop%252Caps%252C593%26sr%3D1-21-2ec22325-1003-449d-8aaf-c0bcc24717ae-spons%26sp_csd%3Dd2lkZ2V0TmFtZT1zcF9zZWFyY2hfdGhlbWF0aWM%26psc%3D1
"Lenovo IdeaPad Slim 5 13th Gen Intel Core i5 13420H 14""(35.5cm) WUXGA IPS Laptop (16GB/512GB SSD/Win 11/MSO 21/Backlit KB/FHD Camera/1Yr ADP Free/Alexa/3 Month Game Pass/Cloud Grey/1.46Kg), 82XD003MIN","₹66,490",/sspa/click?ie=UTF8&spc=MTo0MjE1MDgwODYyNzcwMjQwOjE3NDQwODc0ODY6c3BfbXRmOjMwMDA0ODI4NDM2ODQzMjo6MDo6&url=%2FLenovo-IdeaPad-13420H-Backlit-82XD003NIN%2Fdp%2FB0C9HTBMLW%2Fref%3Dsr_1_44_sspa%3Fcrid%3D34VDZH1H46UCQ%26dib%3DeyJ2IjoiMSJ9.DOdWy-rC6RiGF2cbWZAbDi20WAjSP66oXcgXpQKNKJp9sbuXi5i8cB-2PuBb_u38b0Ut6hvzYbAgnJhtI3CfSAtN5UTE3KgdBQl7UEVdriDSbSFsXbi46-Lxv00L4kiWgyFfL1qiE2_bRlOKjyPh2nkO_B2eUdE2VoS9MdI0zA6362xl-j5bfGGKEvzaOfXCdYqRUWB1uYqjRCFH1jzla4osrSywlHCRZ19nb-pFGj4.6c9V0B9O4QUMbs-Lfh8lRIMXYrPdpiOJrYFQR0GB1GI%26dib_tag%3Dse%26keywords%3Dlaptop%26qid%3D1744087486%26sprefix%3Dlaptop%252Caps%252C593%26sr%3D8-44-spons%26sp_csd%3Dd2lkZ2V0TmFtZT1zcF9tdGY%26psc%3D1
"Lenovo LOQ 2024, AMD Ryzen 7 7435HS, NVIDIA RTX 4050-6GB, 24GB RAM, 512GB SSD, 15.6""/39.6cm, Windows 11, MS Office Home 2024, Grey, 2.4Kg, 83JC00EGIN, 100% sRGB, 3 Mon. Game Pass Gaming Laptop","₹82,190",/sspa/click?ie=UTF8&spc=MTo0MjE1MDgwODYyNzcwMjQwOjE3NDQwODc0ODY6c3BfbXRmOjMwMDQ0OTUzNzU3NTgzMjo6MDo6&url=%2FLenovo-7435HS-4050-6GB-Windows-83JC00EGIN%2Fdp%2FB0DPQHCKQD%2Fref%3Dsr_1_43_sspa%3Fcrid%3D34VDZH1H46UCQ%26dib%3DeyJ2IjoiMSJ9.DOdWy-rC6RiGF2cbWZAbDi20WAjSP66oXcgXpQKNKJp9sbuXi5i8cB-2PuBb_u38b0Ut6hvzYbAgnJhtI3CfSAtN5UTE3KgdBQl7UEVdriDSbSFsXbi46-Lxv00L4kiWgyFfL1qiE2_bRlOKjyPh2nkO_B2eUdE2VoS9MdI0zA6362xl-j5bfGGKEvzaOfXCdYqRUWB1uYqjRCFH1jzla4osrSywlHCRZ19nb-pFGj4.6c9V0B9O4QUMbs-Lfh8lRIMXYrPdpiOJrYFQR0GB1GI%26dib_tag%3Dse%26keywords%3Dlaptop%26qid%3D1744087486%26sprefix%3Dlaptop%252Caps%252C593%26sr%3D8-43-spons%26sp_csd%3Dd2lkZ2V0TmFtZT1zcF9tdGY%26psc%3D1
"Acer ALG Intel Core i5-13th Gen 13420H Processor, NVIDIA GeForce RTX 3050-6GB DDR6(16 GB RAM/1 TB SSD) FHD, 15.6""/39.62cm,144Hz, Windows 11 Home, Steel Gray, 1.99kg, AL15G-53, Gaming Laptop","₹67,999",/Acer-i5-13th-Processor-3050-6GB-AL15G-53/dp/B0DXVKL5GH/ref=sr_1_36?crid=34VDZH1H46UCQ&dib=eyJ2IjoiMSJ9.qfQtqLtC5P9d79LA-qX4OnGyL-ol9CLh65VUzVorGbWGeTCgkjSBnc92vVs_mbO0CmLrCfyGO5KzNjfSEZtowGDdSzSF5TM8jDrPCTRuO_kQJJBN-Drj6e6cjYcO29_ATFUUSmt4TL0_pdDMT5xFDDipTegwPkZCQp4zE7hVOxvGu3l-a2sUwsHCr2-S7nlc6NqCtHDjmcNZt7mJIwUjXexEOe7SMI-5RoTfisSeQFg.1AHpmwkLrNG69YS6y88Dbxn37GVR8wyo-lKtfWO5UIQ&dib_tag=se&keywords=laptop&qid=1744087470&sprefix=laptop%2Caps%2C593&sr=8-36
"
Lenovo IdeaPad Slim 3 13th Gen Intel Core i7-13620H 15.6""
                    (39.62cm) FHDIPS300 Nits Thin&Light Laptop (16GB/512GB
                    SSD/Intel UHDGraphics/Win11/Office Home 2024/1YrADP
                    Free/ARCTIC-Grey/1.6Kg), 83EM00GTIN
","₹64,690",/sspa/click?ie=UTF8&spc=MTo2MjU3OTA2OTA0NjgwNDQ3OjE3NDQwODc0NDk6c3BfYXRmOjMwMDQxMzQ1MTYyODAzMjo6MDo6&url=%2FLenovo-i7-13620H-UHDGraphics-ARCTIC-Grey-83EM00GTIN%2Fdp%2FB0DL5N2TFC%2Fref%3Dsr_1_1_sspa%3Fcrid%3D34VDZH1H46UCQ%26dib%3DeyJ2IjoiMSJ9.rp98xcX_E_AwI1RL8qEmuw5HYdop-So7icMCLC2E4tSLgBEhDbsKKBeAdIoXKBvLS4xpzo6oCFxjykJs4dooniDMf0A9jhNIMa80m0tN9SruKRFawaL_bax3Sa0UgkV_1ZOvHf5ALisAx3GKZHv06DxBuAu4qjLB2YlA6qwd7wXpbVsVMl5wR4LZjXliZXCqPVnYgiX6N1FDpLCIvWKYQXZ1XgJ5g2g0caeUUX9q4SY.60ykO35tbRlzauGVhiB1uQ2t5y7_jb2ymNtNrccTVic%26dib_tag%3Dse%26keywords%3Dlaptop%26qid%3D1744087449%26sprefix%3Dlaptop%252Caps%252C593%26sr%3D8-1-spons%26sp_csd%3Dd2lkZ2V0TmFtZT1zcF9hdGY%26psc%3D1
"ASUS Zenbook 14, Intel Core Ultra 5, 16GB RAM, 1TB SSD, 3K OLED 16:10 120Hz, 14"", Windows 11, MSO 2021, Ponder Blue, 1.28KG, UX3405MA-PZ552WS, Built-inAI, Backlit, Touchscreen, 75WHr AI Powered Laptop","₹93,249",/sspa/click?ie=UTF8&spc=MTo2OTc5NTM1ODM2NjM4MTcxOjE3NDQwODc0OTU6c3BfYnRmOjMwMDQ1NjE3ODEyMTAzMjo6MDo6&url=%2FASUS-Zenbook-Intel-Ultra-Built%2Fdp%2FB0D89NT6VZ%2Fref%3Dsr_1_70_sspa%3Fcrid%3D34VDZH1H46UCQ%26dib%3DeyJ2IjoiMSJ9.Rky3kBtVSeYnLRQPfeRRup43K4dF-Hk_MjTkXH9P1qdFyvB4T7zUoGC98BvCdupp65PU4J5aV7VBqPgDNPVFkFFbRjzNCqMann7YGgvYeFP8kGqC40ooWHf-774U1GDgkTQOrT2e1xf8ow-l3E2e466Udht4BD4eMtmBrCCxu3tKGN2ly7O-snJRDComIOMXbYR-CB1hAdwnagaizyL66kidbx3UFVtcJI6Cn-MvkXk.c6sCXB4FTyJkDgYPjkFX_E5BW82pjWhyH_7zFk6YH3Q%26dib_tag%3Dse%26keywords%3Dlaptop%26qid%3D1744087495%26sprefix%3Dlaptop%252Caps%252C593%26sr%3D8-70-spons%26sp_csd%3Dd2lkZ2V0TmFtZT1zcF9idGY%26psc%3D1
"HP 15s,12th Gen Intel Core i3-1215U, 8GB DDR4, 512 GB SSD(Win 11, Office 21, Silver, 1.69kg), Anti-Glare, 15.6inch(39.6Cm), FHD Laptop, Intel UHD Graphics, Dual Speakers, HD Camera, fy5006tu","₹32,990",/HP-i3-1215U-Anti-Glare-15-6inch-Graphics/dp/B0CJBL2QWY/ref=sr_1_15?crid=34VDZH1H46UCQ&dib=eyJ2IjoiMSJ9.rp98xcX_E_AwI1RL8qEmuw5HYdop-So7icMCLC2E4tSLgBEhDbsKKBeAdIoXKBvLS4xpzo6oCFxjykJs4dooniDMf0A9jhNIMa80m0tN9SruKRFawaL_bax3Sa0UgkV_1ZOvHf5ALisAx3GKZHv06DxBuAu4qjLB2YlA6qwd7wXpbVsVMl5wR4LZjXliZXCqPVnYgiX6N1FDpLCIvWKYQXZ1XgJ5g2g0caeUUX9q4SY.60ykO35tbRlzauGVhiB1uQ2t5y7_jb2ymNtNrccTVic&dib_tag=se&keywords=laptop&qid=1744087449&sprefix=laptop%2Caps%2C593&sr=8-15
"Lenovo V14 G3 (2024), Intel Core i3 12th Gen 1215U - (16GB/512GB SSD/Intel UHD Graphics/Windows 11) Thin and Light Business Laptop/14.0"" FHD Display/Iron Grey/1.57 kg/MS Office 2021","₹31,990",/Lenovo-Intel-Core-12th-1215U/dp/B0DJCPSV47/ref=sr_1_41?crid=34VDZH1H46UCQ&dib=eyJ2IjoiMSJ9.DOdWy-rC6RiGF2cbWZAbDi20WAjSP66oXcgXpQKNKJp9sbuXi5i8cB-2PuBb_u38b0Ut6hvzYbAgnJhtI3CfSAtN5UTE3KgdBQl7UEVdriDSbSFsXbi46-Lxv00L4kiWgyFfL1qiE2_bRlOKjyPh2nkO_B2eUdE2VoS9MdI0zA6362xl-j5bfGGKEvzaOfXCdYqRUWB1uYqjRCFH1jzla4osrSywlHCRZ19nb-pFGj4.6c9V0B9O4QUMbs-Lfh8lRIMXYrPdpiOJrYFQR0GB1GI&dib_tag=se&keywords=laptop&qid=1744087486&sprefix=laptop%2Caps%2C593&sr=8-41
